Perenso AcctKey,Analysis Forest \ Territory,IMS #,Account Name,Street Line 1,Street Line 2,Suburb,Postcode,Analysis Forest \ State,Top 500,Phone,Banner,Brauer Rating,Call Frequency,Buying Group
"1,960",NSW1,2000040,Soul Pattinson Chemist - Pitt St Mall - Sydney,Sh 160 Pitt St Mall,,SYDNEY,2000,NSW,Top 500,02 9232 7464,SOUL PATTINSON,A Grade,4 Weeks,
"2,024",NSW1,2000068,CBD Phy - Sydney,,92 Pitt St,SYDNEY,2000,NSW,Top 500,02 9221 0091,Independent,A Grade,4 Weeks,
"5,649",NSW1,2000076,Priceline Phy -  413 George St,,413-421 George St,SYDNEY ,2000,NSW,Top 500,02 9262 2556,PRICELINE OP IN,A Grade,4 Weeks,
"6,968",NSW1,2000093,Priceline Phy - Town Hall,Shop 54 Ground Floor ,2 Park Street ,SYDNEY ,2000,NSW,Top 500,02 9264 4449,PRICELINE OP IN,A Grade,4 Weeks,
"2,107",NSW1,2007004,Chemistworks - Broadway,Sh G14 Broadway S/C,Bay St,BROADWAY,2007,NSW,Top 500,02 9212 4377,Independent,A Grade,4 Weeks,
"6,216",NSW1,2015001,Pharmacy Online - Alexandria,3,33 Maddox Street,ALEXANDRIA,2015,NSW,Top 500,02 9667 2355,OPTIMAL PLUS,A Grade,4 Weeks,BRAUER SILVER 10%
"2,145",NSW1,2021002,Blooms The Chemist - Maddo From Paddo,,322-324  Oxford St,PADDINGTON,2021,NSW,Top 500,02 9360 4566,BLOOMS THE CHEMIST,A Grade,4 Weeks,
"2,051",NSW1,2022011,David Wilson Chemist,Sh 3-5 Eastgate S/C,Spring St,BONDI JUNCTION,2022,NSW,Top 500,02 9387 4883,Independent,A Grade,4 Weeks,
"2,221",NSW1,2022018,Mums Advice - Bondi Junction,"L1, Sh 1037-1038 Westfield S/C",500 Oxford St,BONDI JUNCTION,2022,NSW,Top 500,02 9387 1977,Independent,A Grade,4 Weeks,
"5,188",NSW1,2022024,Priceline Phy - Bondi Junction,,454-462 Oxford St,BONDI JUNCTION,2022,NSW,Top 500,02 9387 7663,PRICELINE OP IN,A Grade,4 Weeks,
"1,939",NSW1,2027002,Blooms The Chemist - Eastpoint,Sh 1 Eastpoint Food Fair,Cnr New South Head Rd & Ocean St,EDGECLIFFE,2027,NSW,Top 500,02 9328 1316,BLOOMS THE CHEMIST,A Grade,4 Weeks,
"2,086",NSW1,2029005,Gaslight Phy,,484 Old South Head Rd,ROSE BAY,2029,NSW,Top 500,02 9371 9414,Independent,A Grade,4 Weeks,
"4,984",NSW1,2031001,Randwick Phy Amcal,Royal Randwick S/C,79 Belmore Rd,RANDWICK,2031,NSW,Top 500,02 9398 1999,AMCAL CHEMIST,A Grade,4 Weeks,
"1,868",NSW1,2034001,Blooms The Chemist - Coogee,,202-204 Coogee Bay Rd,COOGEE,2034,NSW,Top 500,02 9665 5158,BLOOMS THE CHEMIST,A Grade,4 Weeks,
"2,227",NSW1,2035016,Walsh's Village Phy,Sh 6 Village Cnt,Cnr Malabar Rd & Meagher Ave,MAROUBRA SOUTH,2035,NSW,Top 500,02 9311 0088,Independent,A Grade,4 Weeks,
"2,222",NSW1,2036007,PharmaSave - Eastgardens,Sh 158-159 Westfield Eastgardens S/C,152 Bunnerong Rd,PAGEWOOD,2035,NSW,Top 500,02 9344 5559,PHARMASAVE,A Grade,4 Weeks,
"6,104",NSW1,2037008,Cincotta Chemist - Glebe,53-55 Glebe Point Road,,GLEBE,2037,NSW,Top 500,02 9660 6919,Independent,A Grade,4 Weeks,
"1,869",NSW1,2040003,Blooms The Chemist - Leichhardt,Sh 46-48 Market Plaza S/C,,LEICHHARDT,2040,NSW,Top 500,02 9560 9808,BLOOMS THE CHEMIST,A Grade,4 Weeks,
"1,842",NSW1,2040010,Cincotta Chemist - Norton Plaza Leichhardt,Sh 23 Norton Pl,51 - 57 Norton St,LEICHHARDT,2040,NSW,Top 500,02 9572 6344,CINCOTTA,A Grade,4 Weeks,
"1,932",NSW1,2041001,Blooms The Chemist - Balmain,,273 Darling St,BALMAIN,2041,NSW,Top 500,02 9810 2942,BLOOMS THE CHEMIST,A Grade,4 Weeks,
"2,170",NSW1,2046008,Cincotta Chemist - Five Dock,Sh 1A,125 Great North Rd,FIVE DOCK,2046,NSW,Top 500,02 9713 4729,CINCOTTA,A Grade,4 Weeks,
"1,850",NSW1,2160005,Cincotta Chemist - Merrylands,,185 Merrylands Rd,MERRYLANDS,2160,NSW,Top 500,02 8841 4500,CINCOTTA,A Grade,4 Weeks,
"2,032",NSW1,2164007,Chemistworks Wetherill Pk,Shop 72-76 Stockland Town Ctr,Polding St,WETHERILL PARK,2164,NSW,Top 500,02 9609 7239,Independent,A Grade,4 Weeks,
"1,784",NSW1,2194019,Cincotta Chemist - Campsie,,157-159 Beamish St,CAMPSIE,2194,NSW,Top 500,02 9789 9000,Independent,A Grade,4 Weeks,
"1,462",NSW1,2196001,Blooms The Chemist - Roselands,"F3 Gallery Level, Roselands S/C",Roselands Ave,ROSELANDS,2196,NSW,Top 500,02 9750 0022,BLOOMS THE CHEMIST,A Grade,4 Weeks,
"1,594",NSW1,2200013,Blooms the Chemist - Bankstown Grand Market,Sh T205 & T206 Centro,1 North Tce,BANKSTOWN,2200,NSW,Top 500,02 9709 2831,BLOOMS THE CHEMIST,A Grade,4 Weeks,
"1,843",NSW1,2204001,Marrickville Metro Amcal Chemist,Sh M5A Marrickville Metro S/C,34 Victoria Rd,MARRICKVILLE,2204,NSW,Top 500,02 9519 1155,AMCAL CHEMIST,A Grade,4 Weeks,
"1,942",NSW1,2204015,Savemore Discount Chemist ,,311 Illawarra Rd,MARRICKVILLE,2204,NSW,Top 500,02 2559 3117,Independent,A Grade,4 Weeks,
"1,825",NSW1,2216010,Rockdale Chemmart Phy ,Sh 34 Rockdale Plaza S/C,,ROCKDALE,2216,NSW,Top 500,02 9553 1800,CHEMMART MASTER,A Grade,4 Weeks,
"5,785",NSW1,2216011,Chemist Outlet - Rockdale,,507 Princess Hwy,ROCKDALE,2216,NSW,Top 500,02 9597 3431,CHEMIST OUTLET,A Grade,4 Weeks,
"1,688",NSW1,2217005,Eddies Phy,,211B Ramsgate Rd,RAMSGATE,2217,NSW,Top 500,02 9529 3367,Independent,A Grade,4 Weeks,
"1,815",NSW1,2220003,Pharmacy Depot Hurtsville,Sh 132 Westfield S/C,Crn Cross st & Rark Rd,HURSTVILLE,2220,NSW,Top 500,02 9579 4633,AMCAL CHEMIST,A Grade,4 Weeks,BRAUER SILVER 10%
"1,571",NSW1,2224003,Southgate Phy,Sh 50 Southgate S/C,Princes Hwy ,SYLVANIA,2224,NSW,Top 500,02 9522 9343,API HEALTHCARE,A Grade,4 Weeks,
"1,463",NSW1,2228009,Blooms The Chemist - Miranda,Sh 2089 Westfielf Miranda ,,MIRANDA,2228,NSW,Top 500,02 9524 7691,BLOOMS THE CHEMIST,A Grade,4 Weeks,
"1,595",NSW1,2228011,Priceline Phy -  Miranda,Shop 1038-1039 Westfield S/C,The Kingsway,MIRANDA,2228,NSW,Top 500,02 9524 1134,PRICELINE OP IN,A Grade,4 Weeks,
"6,028",NSW1,2229012,Cincotta Chemist  - Carigbah,Sh 1,331 The Kingsway ,Caringbah,2229,NSW,Top 500,02 9525 0309,CINCOTTA,A Grade,4 Weeks,
"1,464",NSW1,2230001,Blooms The Chemist - Cronulla,,37 Cronulla St,CRONULLA,2230,NSW,Top 500,02 9523 6877,BLOOMS THE CHEMIST,A Grade,4 Weeks,
"1,812",NSW1,2232002,Priceline Phy - Sutherland,,764 Old Princes Hwy,SUTHERLAND,2232,NSW,Top 500,02 9521 2220,PRICELINE OP IN,A Grade,4 Weeks,
"1,691",NSW1,2233004,Cincotta Chemist - Engadine,,1097 Old Princes Hwy,ENGADINE,2233,NSW,Top 500,02 9520 8838,CINCOTTA,A Grade,4 Weeks,
"1,550",NSW1,2234003,Priceline Phy Menai,Sh T04 Menai Market Place,Allison Cres,MENAI,2234,NSW,Top 500,02 9543 7033,PRICELINE OP IN,A Grade,4 Weeks,
"1,558",NSW1,2517001,Blooms The Chemist - Woonona,,399-401 Princes Hwy,WOONONA,2517,NSW,Top 500,02 4285 4500,BLOOMS THE CHEMIST,A C Grade,12 Weeks ,
"1,466",NSW1,2525002,Blooms The Chemist - Figtree,Sh 12-15 Westfield S/C,PO Box 5,FIGTREE,2525,NSW,Top 500,02 4229 5847,BLOOMS THE CHEMIST,A C Grade,12 Weeks ,
"5,429",NSW1,2541011,Good Price Phy - Nowra,Sh 8,28 Central Ave,NOWRA,2541,NSW,Top 500,02 4421 6333,GOOD PRICE PHY,A C Grade,12 Weeks ,
"5,770",NSW1,2541012,Chemist Outlet - Nowra,,5 Nowra Lane,NOWRA,2541,NSW,Top 500,02 4421 2652,CHEMIST OUTLET,A C Grade,12 Weeks ,
"6,237",NSW1,2550005,Direct Chemist Outlet - Bega,Sh MM01 Sapphire Marketplace,106 Auckland St,BEGA,2550,NSW,Top 500,02 6492 0500,DIRECT CHEMIST OUTLET,A C Grade,12 Weeks ,
"1,681",NSW1,2560022,David Wilson Chemist,,251-253 Queen St,CAMPBELLTOWN,2560,NSW,Top 500,02 4640 8000,Independent,A Grade,4 Weeks,
"1,552",NSW1,2567006,Mt Annan Phy Express,Sh 6 Mt Annan S/C,Main St,MT ANNAN,2567,NSW,Top 500,02 4647 4820,Independent,A Grade,4 Weeks,
"1,461",NSW1,2570002,Blooms The Chemist - Camden,,146 - 148 Argyle St,CAMDEN,2570,NSW,Top 500,02 4655 9370,BLOOMS THE CHEMIST,A Grade,4 Weeks,
"5,666",NSW1,2575001,Blooms The Chemist - Mittagong,,6/130 Old Hume Hwy,MITTAGONG,2575,NSW,Top 500,02 4871 1818,BLOOMS THE CHEMIST,A Grade,4 Weeks,
"1,536",NSW1,2576004,Amcal Phy  - Bowral  ,Sh 1 Sprignett's Arc,306 Bong Bong St,BOWRAL,2576,NSW,Top 500,02 4861 1875,AMCAL CHEMIST,A Grade,4 Weeks,
"6,376",NSW1,2576006,Priceline Phy - Bowral,Sh 15 Bowral S/C,310-312 Bowral S/C,BOWRAL,2576,NSW,Top 500,02 4861 5255 ,PRICELINE PHY,A Grade,4 Weeks,
"1,339",NSW1,2650003,Kennedys Cincotta Chemist ,,157-159 Baylis St,WAGGA WAGGA,2650,NSW,Top 500,02 6921 7029,CINCOTTA,A C Grade,12 Weeks ,
"1,403",NSW1,2720004,Tumut Phy,,69 Wynard St,TUMUT,2720,NSW,Top 500,02 6947 1179,Independent,A C Grade,12 Weeks ,
"2,280",NSW1,,Go Vita - Narellan,Sh 3 Narellan Town Cnt,330 Camden Valley Way,NARELLAN,2567,NSW,Top 500,02 4647 4823,GO VITA,A Grade,4 Weeks,
"2,289",NSW1,,Go Vita - Batemans Bay,,5 North St,BATEMANS BAY,2536,NSW,Top 500,02 4472 9737,GO VITA,A C Grade,12 Weeks ,
"5,424",NSW1,,Go Vita - Dapto,Sh G139 Dapto Mall,75 Princes Hwy,DAPTO,2530,NSW,Top 500,02 4261 1138,GO VITA,A C Grade,12 Weeks ,
"1,051",NSW2,2250004,Blooms The Chemist - Erina,Sh T74 Erina Fair S/C,,ERINA,2250,NSW,Top 500,02 4365 1155,BLOOMS THE CHEMIST,A Grade,4 Weeks,
"1,363",NSW2,2250024,Mega Save Chemist - Erina,Sh 343 - 344 Erina Fair S/C,Terrigal Dr,ERINA,2250,NSW,Top 500,02 4365 4611,MEGASAVE CHEMIST,A Grade,4 Weeks,
"1,245",NSW2,2250032,Bowens Phy ,Sh 2 Wyoming S/C,Kinarra Ave ,WYOMING,2250,NSW,Top 500,02 4328 4081,CHEMIST OUTLET,A Grade,4 Weeks,BRAUER GOLD 14%
"1,027",NSW2,2251002,Priceline Phy Kincumber,Sh 4 Kincumber Village S/C,Cnr Avoca Dr & Bungoona Dr,KINCUMBER,2251,NSW,Top 501,02 4369 6900,PRICELINE PHY,A Grade,4 Weeks,
"6,573",NSW2,2257002,Chemist Outlet Umina Beach,,283 West Street,UMINA,2257,NSW,Top 500,02 4341 3066 ,Chemist Outlet,A Grade,5 Weeks,
"1,199",NSW2,2259011,Amcal Tuggerah Pharmacy,Sh 1149-1151 Westfield S/C,Cobbs Rd,TUGGERAH,2259,NSW,Top 500,02 4353 5211,AMCAL CHEMIST,A Grade,4 Weeks,BRAUER GOLD 14%
"6,556",NSW2,2259021,Choice Phcy Lake Munmorah,Sh M02,275 Pacific Hwy,LAKE MUNMORAH,2259,NSW,Top 500,02 4358 3519,CHOICE PHARMACIES ,A Grade,4 Weeks,
"1,273",NSW2,2260004,Medi Advice Phy,,54 The Esplande,TERRIGAL,2260,NSW,Top 500,02 4384 1173,Independent,A Grade,4 Weeks,
"1,219",NSW2,2261003,Terry White Chemist - Bay Village,Sh 11-15 Bateu Bay Square,The Entrance Road,BATEAU BAY,2261,NSW,Top 500,02 4332 9439,TERRY WHITE CHEMIST,A Grade,4 Weeks,
"5,688",NSW2,2262005,Priceline Pharmacy Northlakes,Shop T18 Northlakes S/C,21 Pacific Highway,SAN REMO,2262,NSW,Top 500,02 4390 7188,PRICELINE OP IN,A C Grade,12 Weeks ,
"1,257",NSW2,2285005,Chemist Works Phy - Glendale,Sh 22 Stockland S/C,Lakes Rd,GLENDALE,2285,NSW,Top 500,02 4956 5644,Independent,A Grade,4 Weeks,
"1,025",NSW2,2289003,Scott Dibben Amcal Chemist,Sh 160 Garden City S/C,,KOTARA,2289,NSW,Top 500,02 4957 5287,AMCAL CHEMIST,A Grade,4 Weeks,BRAUER GOLD 14%
"6,133",NSW2,2290012,Mega Save Chemist - Charlestown,Sh 1028 Level 1,Charlestown Square Pearson St,CHARLESTOWN,2290,NSW,Top 500,02 4942 5669,MEGASAVE CHEMIST,A Grade,4 Weeks,
"6,187",NSW2,2302007,Mega Save Chemist - Newcastle,Sp G-09 Market East S/C,23 Steel St,NEWCASTLE,2302,NSW,Top 500,02 4926 3300,MEGASAVE CHEMIST,A Grade,4 Weeks,
"1,430",NSW2,2317006,Salamander Cnt Amcal Chemist,Sh 12 Salamander S/C,,SALAMANDER BAY,2317,NSW,Top 500,02 4982 7644,AMCAL CHEMIST,A Grade,4 Weeks,BRAUER GOLD 14%
"1,954",NSW2,2323006,Blooms The Chemist - Maitland,Sh 60 Stockland Greenhills S/C,,EAST MAITLAND,2323,NSW,Top 500,02 4933 5533,BLOOMS THE CHEMIST,A C Grade,12 Weeks ,
"1,877",NSW2,2330002,Mall Chemmart Phy,Sh 12 Gowrie St Mall,Gowrie St,SINGLETON,2330,NSW,Top 500,02 6572 2566,CHEMMART MASTER,A Grade,4 Weeks,
"2,161",NSW2,2333005,Priceline Phy - Muswellbrook,Muswellbrook Market Pl,22 Sowerby St,MUSWELLBROOK,2333,NSW,Top 500,02 6541 4849,PRICELINE PHY,A Grade,4 Weeks,BRAUER GOLD 14%
"5,354",NSW2,2333006,Phy Select - Muswellbrook Fair Phy,Sh 4 Muswellbrook Fair S/C,Rutherford Rd ,MUSWELLBROOK,2333,NSW,Top 500,02 6543 4266,PHY SELECT,A Grade,4 Weeks,BRAUER GOLD 14%
"1,839",NSW2,2340007,Howles Amcal Chemist,Sh 35 Tamworth Shoppingworld,Cnr Crown St & Oxley Hwy,TAMWORTH,2340,NSW,Top 500,02 6765 8243,AMCAL CHEMIST,A C Grade,12 Weeks ,
"4,949",NSW2,2340017,Good Price Phy Warehouse - Tamworth,Sh 6 Tamworth Home Space,Cnr Greg Norman Dr & New England Hwy,TAMWORTH,2340,NSW,Top 500,02 6762 3211,GOOD PRICE PHY,A C Grade,12 Weeks ,
"5,171",NSW2,2350010,Good Price Phy Warehouse - Armidale,Sh 33 Armidale Plaza S/C,Cnr Beardy & Dangar St,ARMIDALE ,2350,NSW,Top 500,02 6772 3331,GOOD PRICE PHY,A C Grade,12 Weeks ,
"1,976",NSW2,2360007,Inverell  Phy,,132-134 Byron St,INVERELL,2360,NSW,Top 500,02 6722 3146,Independent,A C Grade,12 Weeks ,
"1,523",NSW2,2428003,Priceline Phy - Forster,Sh B1 Forster Village S/C,Breese Rd,FORSTER,2428,NSW,Top 500,02 6555 5589,PRICELINE PHY,A C Grade,12 Weeks ,
"1,576",NSW2,2428005,Great Lakes Phy,Sh 1-5 Tuncurry Plaza S/C,29 Manning St,TUNCURRY,2428,NSW,Top 500,02 6555 4000,Independent,A C Grade,12 Weeks ,BRAUER GOLD 14%
"1,592",NSW2,2430010,Taree Chemmart Pharmacy,Sh 9 Taree City S/C,60 Manning St,TAREE,2430,NSW,Top 500,02 6551 7766,CHEMMART MASTER,A C Grade,12 Weeks ,
"1,518",NSW2,2431003,Peter Need's Chemmart Phy,,11 Memorial Ave,SOUTH WEST ROCKS,2431,NSW,Top 500,02 6566 6700,CHEMMART MASTER,A C Grade,12 Weeks ,
"1,421",NSW2,2440008,Amcal Max  Kempsey ,Sh 5-7 Front Plaza,,KEMPSEY,2440,NSW,Top 500,02 6562 4266,AMCAL CHEMIST,A C Grade,12 Weeks ,
"1,549",NSW2,2440011,Pharmacy Alliance Pharmacy Kempsey West,32 Elbow State,,WEST KEMPSEY,2440,NSW,Top 500,02 6562 7777,Independent,A C Grade,12 Weeks ,BRAUER GOLD 14%
"6,529",NSW2,2440012,Pharmacy Alliance Pharmacy Kempsey,"Shop 4, ",15-33 Belgrave St, KEMPSEY,2440,NSW,Top 500,02 65631111,Independent,A C Grade,12 Weeks ,BRAUER GOLD 14%
"5,217",NSW2,2444022,Your Discount Chemist Port Macquarie ,119 Horton St ,,PORT MACQUARIE,2444,NSW,Top 500,02 6583 2134,Independent,A C Grade,12 Weeks ,
"1,593",NSW2,2450005,Terry White Chemist - Coffs Harbour,Sh 51 Park Beach Plaza,Cnr Park Beach Rd & Pacific Hwy,COFFS HARBOUR,2450,NSW,Top 500,02 6652 4188,TERRY WHITE CHEMIST,A C Grade,12 Weeks ,
"1,787",NSW2,2450006,Palms Phy,Sh 3 Palms S/C,,COFFS HARBOUR,2450,NSW,Top 500,02 6652 3950,STAR PHY CHOICE,A C Grade,12 Weeks ,
"1,610",NSW2,2450007,Good Price Phcy WH Coffs Hbr,Sh 6 The Bailey Centre,150 Pacific Highway,COFFS HARBOUR,2450,NSW,Top 500,02 6651 1800,GOOD PRICE PHY,A C Grade,12 Weeks ,
"1,465",NSW2,2452002,Blooms The Chemist - Toormina,Sh n -52 Centro Tommina S/C,,TOORMINA,2452,NSW,Top 500,02 6658 7926,BLOOMS THE CHEMIST,A C Grade,12 Weeks ,
"1,561",NSW2,2454001,Bellingen Amcal  Phy,,70 Hyde St,BELLINGEN,2454,NSW,Top 500,02 6655 1124,AMCAL CHEMIST,A C Grade,12 Weeks ,
"1,591",NSW2,2455002,The Urunga Amcal Phy,,10 Bowra Street,URUNGA,2455,NSW,Top 500,02 6655 6104,AMCAL CHEMIST,A C Grade,12 Weeks ,
"1,437",NSW2,2456002,Woolgoolga Amcal Chemist,Sh 5-6,Cnr Beach & Nighingale St,WOOLGOOLGA,2456,NSW,Top 500,02 6654 1893,AMCAL CHEMIST,A C Grade,12 Weeks ,
"5,611",NSW3,2046014,Cincotta Chemist - Burwood,3,213-235 Parramatta Rd,BURWOOD,2134,NSW,Top 500,02 9745 6375,CINCOTTA,A Grade,4 Weeks,
"1,847",NSW3,2063001,Blooms The Chemist - Northbridge,Sh 13 Northbridge Plaza S/C,79 Sailors Bay Rd,NORTHBRIDGE,2063,NSW,Top 500,02 9958 8646,BLOOMS THE CHEMIST,A Grade,4 Weeks,
"1,836",NSW3,2065003,Crows Nest D&N Chemist,,99 Willoughby Rd,CROWS NEST,2065,NSW,Top 500,02 9439 1504,Independent,A Grade,4 Weeks,
"2,196",NSW3,2067002,Pharmacy 4 Less Roy Young Chemist,Sh 438-441 ,Level 4 Westfield S/C,CHATSWOOD,2067,NSW,Top 500,02 9412 3304,PHY 4 LESS,A Grade,4 Weeks,
"4,942",NSW3,2067023,Chemist Warehouse - Chatswood,Sh 1,387 Victoria Ave,CHATSWOOD,2067,NSW,Top 500,02 9412 2400,CHEM W/HOUSE,A Grade,4 Weeks,
"1,169",NSW3,2077012,Pharmacy Depot - Hornsby,Sh 1001-1003 Westfield S/C,,HORNSBY,2077,NSW,Top 500,02 9987 4241,Independent,A Grade,4 Weeks,
"5,260",NSW3,2077016,SuperPharmacy - Hornsby,,21 Florence St,HORNSBY,2077,NSW,Top 500,02 9987 2233,Independent,A Grade,4 Weeks,
"5,624",NSW3,2085003,Cincotta Chemist - Belrose,Sh G05 Homemakers Supa Centre,4 -6 Niangala Close,BELROSE,2084,NSW,Top 500,02 9986 3331,CINCOTTA,A Grade,4 Weeks,
"1,294",NSW3,2086002,Forestway Phy,Sh 24 Forestway S/C,Cnr Waringah Rd & Forest Way,FRENCHS FOREST,2086,NSW,Top 500,02 9451 4614,Independent,A Grade,4 Weeks,
"2,042",NSW3,2090002,Cremorne Town Cnt Phy,Sh 15 Metropole S/C,297 Military Rd,CREMORNE,2090,NSW,Top 500,02 9908 1155,Independent,A Grade,4 Weeks,
"6,127",NSW3,2093009,Pharmacy Select - Balgowlah,Sh 73 Stockland Balgowlah Village,197-215 Condamine Street,BALGOWLAH,2093,NSW,Top 500,02 9949 3266,PHY SELECT,A Grade,4 Weeks,
"1,308",NSW3,2097003,Wellbeing Phy Collaroy,Sh 8,63 Veterans Pde,COLLAROY,2097,NSW,Top 500,02 9982 1091,Independent,A Grade,4 Weeks,
"5,986",NSW3,2099018,Priceline Phy - Dee Why,Shop 5 & 6 Dee Why Grand Sh/Centre,834  Pittwater Rd,DEE WHY,2099,NSW,Top 500,02 9981 3555,PRICELINE PHY,A Grade,4 Weeks,
"5,065",NSW3,2100005,Priceline Phy - Warringah Mall,Sh 422 Warringah Mall S/C,Pittwater Rd,BROOKVALE,2100,NSW,Top 500,02 9905 6981,PRICELINE PHY,A Grade,4 Weeks,
"1,101",NSW3,2100010,Warringah Mall Phy ,Sh 1239  Warringah Mall S/C,,BROOKVALE,2100,NSW,Top 500,02 9939 5525,Independent,A Grade,4 Weeks,
"5,301",NSW3,2101003,Amcal Chemist - Narrabeen,,67-69 Waterloo St,NARRABEEN,2103,NSW,Top 500,02 9913 7171,AMCAL CHEMIST,A Grade,4 Weeks,BRAUER GOLD 14%
"5,546",NSW3,2103006,Cincotta Chemist - Mona Vale,11 Waratah St,,MONA VALE,2103,NSW,Top 500,02 9999 4197,CINCOTTA,A Grade,4 Weeks,
"1,318",NSW3,2103008,IcarePharmacy - Mona Vale,Sh 1A,1785 Pittwater Rd,MONA VALE,2103,NSW,Top 500,02 9999 3598,Independent,A Grade,4 Weeks,BRAUER SILVER 10%
"1,322",NSW3,2107002,You Save Chemist - Avalon Beach Herforts,,60 Old Barrenjoey Rd,AVALON BEACH,2107,NSW,Top 500,02 9973 1277,YOU SAVE PHY,A Grade,4 Weeks,
"1,076",NSW3,2118001,Priceline Phy Carlingford Court ,Sh 48-49 Carlingford Crt S/C,Cnr Pennant Hills & Carlingford Rd,EPPING,2121,NSW,Top 500,02 9871 7533,PRICELINE PHY,A Grade,4 Weeks,
"1,358",NSW3,2126001,Bests Phy - Cherrybrook,Cherrybrook S/C,Shepherds Dr,CHERRYBROOK,2126,NSW,Top 500,02 9875 1999,Independent,A Grade,4 Weeks,BRAUER GOLD 14%
"1,379",NSW3,2128001,Pharmasave - Silverwater ,,3 Coal St,SILVERWATER,2128,NSW,Top 500,02 9648 8888,PHARMASAVE,A Grade,4 Weeks,BRAUER GOLD 14%
"1,381",NSW3,2146006,Pharmacy Nutrition Warehouse - Toongabbie,,56 Aurelia St,TOONGABBIE,2146,NSW,Top 500,02 9688 1255,Independent,A Grade,4 Weeks,
"4,964",NSW3,2148036,Chester & Jakes Phy - Blacktown,Sh 2  ,112 Main St,BLACKTOWN,2148,NSW,Top 500,02 9831 7960,Independent,A Grade,4 Weeks,
"1,297",NSW3,2148038,Cincotta Chemist - Blacktown,,67 Main St,BLACKTOWN,2148,NSW,Top 500,02 9622 1937,CINCOTTA,A Grade,4 Weeks,
"1,362",NSW3,2150009,PharmaSave Parramatta,"L1, Sh 5020-21 Westfield S/C",Church St,PARRAMATTA,2150,NSW,Top 500,02 9633 2238,PHARMASAVE,A Grade,4 Weeks,
"1,033",NSW3,2153001,Terry White Chemist - Winston Hills,Sh 20 Winston Hills Mall,Caroline Chisholm Dr,WINSTON HILLS,2153,NSW,Top 500,02 9624 7816,TERRY WHITE CHEMIST,A Grade,4 Weeks,
"1,151",NSW3,2153014,Chemist Outlet - Baulkham Hills,,323  Windsor Rd,BAULKHAM HILLS,2153,NSW,Top 500,02 9639 1500,CHEMIST OUTLET,A Grade,4 Weeks,
"1,375",NSW3,2154016,Good Price Phy Warehouse - Castle Hill,"Level 1, Shop 9,  HomeHub Castle Hill",18 Victoria Ave,CASTLE HILL,2154,NSW,Top 500,02 9899 5655 ,GOOD PRICE PHY,A Grade,4 Weeks,
"5,444",NSW3,2155005,Pharmasave Rouse Hill,Sh 34 Rouse Hill Town Cnt,10-14 Market Lane,ROUSE HILL,2155,NSW,Top 500,02 8883 0988,PHARMASAVE,A Grade,4 Weeks,
"5,615",NSW3,2155006,Amcal Plus Rouse Hill,GR 072 Rouse Hill Town Centre,10-14 Market Lane,ROUSE HILL,2155,NSW,Top 500,02 8882 9033,AMCAL MAX,A Grade,4 Weeks,BRAUER GOLD 14%
"1,280",NSW3,2158002,Friendly Phy - Dural,Sh 12 The Village Green S/C,22 Kenthurst Rd,DURAL,2158,NSW,Top 500,02 9651 1156,FRIENDLIES CHEMIST,A Grade,4 Weeks,
"1,053",NSW3,2580001,Blooms The Chemist - Goulburn,,220 Auburn St,GOULBURN,2580,NSW,Top 500,02 4821 2186,BLOOMS THE CHEMIST,A C Grade,12 Weeks ,BRAUER GOLD 14%
"1,581",NSW3,2601002,City Market Phy,Shop EG01-EG02 The Canberra Centre,Bunda St,CANBERRA CITY,2600,NSW,Top 500,02 6249 8074,Independent,A C Grade,12 Weeks ,
"5,530",NSW3,2609004,Chemist Outlet Dickson,Shop 1B/42 Dickson Place,,DICKSON,2602,NSW,Top 500,02 6262 6169,CHEMIST OUTLET,A C Grade,4 Weeks,
"1,418",NSW3,2611004,Cooleman Crt Australian Phy,Sh 5015 Cooleman Crt S/C,Brierly St,WESTON,2611,NSW,Top 500,02 6288 1867,Independent,A C Grade,4 Weeks,BRAUER GOLD 14%
"1,763",NSW3,2614003,Macquarie Discount Phy,Sh 2-3 Maquarie S/C,Lachlan St,MACQUARIE,2614,NSW,Top 500,02 6251 1063,Independent,A C Grade,4 Weeks,
"6,487",NSW3,2617011,Belconnen Discount Phy,Shop 1 1-5 Chandler Street,,BELCONNEN,2617,NSW,Top 500,02 6256 8900,Independent,A C Grade,12 Weeks ,
"1,055",NSW3,2750012,Blooms The Chemist - Penrith Nepean,Sh 39 Centro Nepean,,PENRITH,2750,NSW,Top 500,02 4732 1328,BLOOMS THE CHEMIST,A Grade,4 Weeks,
"1,054",NSW3,2750017,Blooms The Chemist - Penrith Plaza Phy,"Sh 110, Westfield Penrith   Plaza",,PENRITH,2750,NSW,Top 500,02 4721 8117,BLOOMS THE CHEMIST,A Grade,4 Weeks,
"1,376",NSW3,2750035,Good Price Pharmacy Warehouse - Penrith,,473 High St,PENRITH,2750,NSW,Top 500,02 4721 2555,GOOD PRICE PHY,A Grade,4 Weeks,
"1,056",NSW3,2753004,Blooms The Chemist - Richmond,,45 Richmond Market Pl,RICHMOND,2753,NSW,Top 500,02 4578 1557,BLOOMS THE CHEMIST,A Grade,4 Weeks,
"5,118",NSW3,2753006,Oze Phy - Richmond,,263 Windsor Rd,RICHMOND,2753,NSW,Top 500,02 4578 2101,Independent,A Grade,4 Weeks,BRAUER GOLD 14%
"5,261",NSW3,2756013,Blooms The Chemist - Windsor Riverview,Sh 16-17 Riverview S/C,227 George St,WINDSOR,2756,NSW,Top 500,02 4577 3265,BLOOMS THE CHEMIST,A Grade,4 Weeks,
"5,679",NSW3,2756017,Good Price Phy Warehouse - McGraths Hill,Sh 4A,6 Industry Rd,MCGRATHS HILL,2757,NSW,Top 500,02 4577 7200,GOOD PRICE PHY,A Grade,4 Weeks,
"6,786",NSW3,2756017,Good Price Phy McGrath Hills,10 Industry Road,0,MCGRATH HILLS,2756,NSW,Top 500,02 4577 7200 ,GOOD PRICE PHY,A Grade,4 Weeks,
"1,189",NSW3,2760002,Soul Pattinson Chemist - Astley - St Marys,Sh 3-4 Astley S/C ,Cnr Western Hwy & Mamre Rd,ST MARYS,2760,NSW,Top 500,02 9673 2212,SOUL PATTINSON,A Grade,4 Weeks,
"1,021",NSW3,2761001,Terry White Chemist - Plumpton,Sh T20 Plumpton Market Place,Jersey Rd,PLUMPTON,2761,NSW,Top 500,02 9832 1308,TERRY WHITE CHEMIST,A Grade,4 Weeks,
"1,087",NSW3,2763002,Quakers Hill Pharmacy ,,Shop1/8 Douglas Rd,QUAKERS HILL,2763,NSW,Top 500,02 9837 1677,HARRISONS PHY,A Grade,4 Weeks,
"1,221",NSW3,2768002,Terry White Chemist - Stanhope Gardens,Sh T9 Stanhope Village,Cnr Stanhope Parkway & Sentry Drive,STANHOPE GARDENS,2768,NSW,Top 500,02 8883 1988,TERRY WHITE CHEMIST,A Grade,4 Weeks,
"1,241",NSW3,2774004,Blaxland D&N Phy,138 Great Western Hwy,,BLAXLAND,2774,NSW,Top 500,02 4739 1611,Independent,A Grade,4 Weeks,
"1,059",NSW3,2777006,Blooms The Chemist - Springwood,,161 Macquarie Rd,SPRINGWOOD,2777,NSW,Top 500,02 4751 2963,BLOOMS THE CHEMIST,A Grade,4 Weeks,BRAUER GOLD 14%
"1,910",NSW3,2790003,Blooms The Chemist - Lithgow,Sh 44 - 46 Lithgow Valley Plaza,,LITHGOW,2790,NSW,Top 500,02 6352 2141,BLOOMS THE CHEMIST,A C Grade,12 Weeks ,
"1,874",NSW3,2800009,Blooms The Chemist - Orange,Shop 19 Orange Central Shopping Centre,Summer St,ORANGE,2800,NSW,Top 500,02 6362 1267,BLOOMS THE CHEMIST,A C Grade,12 Weeks ,BRAUER GOLD 14%
"5,063",NSW3,2830015,Chemist Outlet - Dubbo,Shop 2-4 Endeavour Court,137 Macquarie St,DUBBO,2830,NSW,Top 500,02 6882 1833,CHEMIST OUTLET,A C Grade,12 Weeks ,BRAUER GOLD 14%
"1,707",NSW3,2904003,Gowrie Discount Phy,Sh 3 Gowrie Centre ,1 Jeffries St,GOWRIE,2904,NSW,Top 500,02 6291 0011,Independent,A C Grade,8 Weeks,
"1,488",NSW3,2912001,Priceline Pharmacy Gungahline Marketplace,Shop H10/11 Gungahlin Marketplace,1/1 Hibberson St,GUNGAHLIN,2912,NSW,Top 500,02 6253 9292,PRICELINE PHY,A C Grade,12 Weeks ,BRAUER GOLD 14%
"4,845",NSW3,2912002,Pharmacy Select Gungahlin,Sh 30 The G S/C,Hibberson St,GUNGAHLIN,2912,NSW,Top 500,02 6255 4833,PHY SELECT,A C Grade,12 Weeks ,
"2,268",NSW3,,Go Vita - Katoomba,Sh 3 Katoomba Fair S/C,Parke St,KATOOMBA,2780,NSW,Top 500,02 4782 4667,GO VITA,A Grade,4 Weeks,
"2,296",NSW3,,Mr Vitamins - Chatswood ,,324 Victoria Ave,CHATSWOOD,2067,NSW,Top 500,02 9415 2866,Independent,A Grade,4 Weeks,
"2,308",NSW3,,Rawesome Health Food,"Sh 1036, L1 Westfield S/C",Florence St,HORNSBY,2077,NSW,Top 500,02 9477 5142,HEALTHY LIFE,A Grade,4 Weeks,BRAUER GOLD 14%
"2,310",NSW3,, Go Vita - Castle Hill Rainbow Organics,"L2, Sh 223 Castle Towers S/C",Castle St,CASTLE HILL,2154,NSW,Top 500,02 9634 2845,GO VITA,A Grade,4 Weeks,BRAUER GOLD 14%
"2,328",NSW3,,Go Vita - Woden,Sh 88 Woden Plaza S/C,,WODEN,2606,NSW,Top 500,02 6281 5274,GO VITA,A C Grade,4 Weeks,BRAUER GOLD 14%
"2,350",NSW3,,Warriewood Health Food,Sh 5 Warriewood S/C,Jacksons Rd,WARRIEWOOD,2102,NSW,Top 500,02 9913 1505,Independent,A Grade,4 Weeks,
"6,939",NSW3,,Go Vita - Top Ryde ,Sh LG2-1024 Top Ryde SC Cnr,Blaxland Rd & Devlin St,RYDE,2112,NSW,Top 500,02 9807-4051,GO VITA,A Grade,4 Weeks,
"2,842",QLD1,4000001,Terry White Chemist Myer Centre - Brisbane,Sh 103 Level E Myer Cnt,91 Queen St,BRISBANE,4000,QLD,Top 500,07 3221 3416,TERRY WHITE CHEMIST,A Grade,4 Weeks,
"2,541",QLD1,4017005,Good Price Phy - Deagon,Deagon Plaza S/C,79 Braun St,DEAGON,4017,QLD,Top 500,07 3269 2080,GOOD PRICE PHY,A Grade,4 Weeks,
"5,638",QLD1,4022002,Good Price Phy - Rothwell,Unit 2,439-443 Anzac Ave,ROTHWELL,4022,QLD,Top 500,07 3203 2088,GOOD PRICE PHY,A Grade,4 Weeks,
"3,158",QLD1,4032008,Healthy World Phy,Sh 127-130 Westfield S/C,Cnr Gympie & Hamilton Rd,CHERMSIDE,4032,QLD,Top 500,07 3350 4437,Independent,A Grade,4 Weeks,
"3,155",QLD1,4032010,Direct Chemist Outlet - Chermside,Sh 6A Chermside Markets,Cnr Webster & Gympie Rd,CHERMSIDE,4032,QLD,Top 500,07 3359 2000,DIRECT CHEMIST OUTLET,A Grade,4 Weeks,
"2,670",QLD1,4034004,Discount Drug Store - Aspley,Sh 64 Aspley Hypermart S/C,59 Albany Creek Rd,ASPLEY,4034,QLD,Top 500,07 3263 6399,DISCOUNT DRUG STORE,A Grade,4 Weeks,
"3,088",QLD1,4034005,Aspley D&N AMCAL Phy,,1368 Gympie Rd,ASPLEY,4034,QLD,Top 500,07 3263 1133,AMCAL CHEMIST,A Grade,4 Weeks,
"3,253",QLD1,4053003,Terry White Chemist - Brookside,Sh 86 Brookside S/C,159 Osbourne Rd,MITCHELTON,4053,QLD,Top 500,07 3855 2633,TERRY WHITE CHEMIST,A Grade,4 Weeks,
"5,254",QLD1,4053024,Good Price Phy - Stafford,,219 Stafford Rd,STAFFORD,4053,QLD,Top 500,07 3357 4810,GOOD PRICE PHY,A Grade,4 Weeks,
"2,669",QLD1,4054001,Arana Hills Star Discount Chemist ,Sh 3 K Mart Plaza,Cnr Patrick & Dawson Pde,ARANA HILLS,4054,QLD,Top 500,07 3351 3852,STAR PHY DISCOUNT CHEMIST,A Grade,4 Weeks,
"2,607",QLD1,4054005,Keperra Chemmart D&N Phy,,1028 Samford Rd,KEPERRA,4054,QLD,Top 500,07 3351 7600,CHEMMART MASTER,A Grade,4 Weeks,
"2,737",QLD1,4078001,Malouf Group Phy - Forest Lake,Forest Lake Vlge S/C,Forest Lake Blvd,FOREST LAKE,4078,QLD,Top 500,07 3372 9500,MALOUF GROUP PHY,A Grade,4 Weeks,
"3,355",QLD1,4101006,Discount Drug Store - West End,Sh 10 The Markets West End,69-79 Boundary St,WEST END,4101,QLD,Top 500,07 3844 0011,DISCOUNT DRUG STORE,A Grade,4 Weeks,
"3,107",QLD1,4304004,Friendly Care Chemist - Booval,,42 South Station Rd,BOOVAL,4304,QLD,Top 500,07 3816 5199,Independent,A Grade,4 Weeks,BRAUER GOLD 14%
"5,549",QLD1,4304005,Good Price Phy - Booval,Booval Homemaker Cnt,214 Brisbane Rd,BOOVAL,4304,QLD,Top 500,3282 1882,GOOD PRICE PHY,A Grade,4 Weeks,
"2,637",QLD1,4305004,Brassall Chemist,,Hunter St,BRASSALL,4305,QLD,Top 500,07 3201 6570,Independent,A Grade,4 Weeks,BRAUER GOLD 14%
"2,766",QLD1,4503002,Kallangur D & N  Amcal Phy,,1387 Anzac Ave,KALLANGUR,4503,QLD,Top 500,07 3204 5155,AMCAL CHEMIST,A Grade,4 Weeks,
"2,844",QLD1,4505001,Terry White Chemist - Burpengary,Sh 16 Burpengary Plaza,Cnr Station Rd & Progress St,BURPENGARY,4505,QLD,Top 500,07 3888 1980,TERRY WHITE CHEMIST,A Grade,4 Weeks,
"3,258",QLD1,4506003,The Centre Phy,Sh 89 Morayfield S/C,Morayfield Rd,MORAYFIELD,4506,QLD,Top 500,07 5499 4577,JADIN CHEMIST,A Grade,4 Weeks,BRAUER GOLD 14%
"2,638",QLD1,4507006,Priceline Phy - Bribie Island,Sh 9 Bribie Island S/C,Goodwin Dr,BRIBIE ISLAND,4507,QLD,Top 500,07 3410 1005,PRICELINE PHY,A Grade,4 Weeks,
"6,097",QLD1,4509004,United Discount Chemist - North Lakes,Shop 2a Hilltop Village Shopping Centre,71 Astley Parade,MANGO HILL,4509,QLD,Top 500,07/34918322,Independent,A Grade,4 Weeks,
"6,997",QLD1,4509005,Good Price Phcy Mango Hill,BD4 Mango Hill Marketplace,,MANGO HILL,4509,QLD,Top 500,07 34918963,GOOD PRICE PHY,A Grade,4 Weeks,
"2,773",QLD1,4519002,Amcal Chemist - Beerwah,Sh 8 Beerwah Market Pl,Peachester Rd,BEERWAH,4519,QLD,Top 500,07 5494 0333,AMCAL CHEMIST,A Grade,4 Weeks,
"3,306",QLD1,4520002,Samford Chemmart Phy,Sh 3,3/4 Mary Ring Dr,SAMFORD,4520,QLD,Top 500,07 3289 1559,CHEMMART MASTER,A Grade,4 Weeks,
"2,459",QLD1,4551007,Terry White Chemist -   Caloundra,Sh 16 Stockland S/C,47 Bowman Rd,CALOUNDRA,4551,QLD,Top 500,07 5491 2402,TERRY WHITE CHEMIST,A Grade,4 Weeks,
"2,578",QLD1,4551020,Currimundi Markets Chemmart ,Crn Nicklin Way  & Bellara Drive,,CURRIMUNDI,4551,QLD,Top 500,07 5493 7560,CHEMMART MASTER,A Grade,4 Weeks,
"5,178",QLD1,4551023,Pharmacy Direct- Caloundra,,Cnr Caloundra Rd & Baldwin St,CALOUNDRA,4551,QLD,Top 500,07 5492 7163,PHY DIRECT,A Grade,4 Weeks,
"2,469",QLD1,4552002,Maleny Chemmart Pharmacy,Sh 1,25 Maple St,MALENY,4552,QLD,Top 500,07 5494 2332,CHEMMART MASTER,A Grade,4 Weeks,
"2,615",QLD1,4556006,Buderim Phy,Sh 13 Buderim Marketplace ,67 Burnett St,BUDERIM,4556,QLD,Top 500,07 5445 1230,Independent,A Grade,4 Weeks,
"2,598",QLD1,4558005,Maroochy   D&N Phy,,Cnr Second Ave & Aerodrome Rd,MAROOCHYDORE,4558,QLD,Top 500,07 5443 6070,Independent,A Grade,4 Weeks,
"2,825",QLD1,4558006,Terry White Chemist - Maroochydore Sunshine,Sh 120 Sunshine Plaza S/C,Plaza Rd,MAROOCHYDORE,4558,QLD,Top 500,07 5443 4466,TERRY WHITE CHEMIST,A Grade,4 Weeks,
"2,599",QLD1,4560001,Nambour Plaza Chemmart Phy,Nambour Plaza S/C,Ann St,NAMBOUR,4560,QLD,Top 500,07 5476 0988,CHEMMART MASTER,A Grade,4 Weeks,
"6,953",QLD1,4560017,Discount Chemist Nambour,shop 6/9,Mill St,NAMBOUR,4560,QLD,Top 500,07 5313 7806 ,CHEMSAVE PHY,A Grade,4 Weeks,
"2,463",QLD1,4563003,Cooroy Amcal Chemist,,3 Emerald St,COOROY,4563,QLD,Top 500,07 5447 6899,AMCAL CHEMIST,A Grade,4 Weeks,
"3,010",QLD1,4564006,DCO - Pacific Paradise Phy,722,David Low Way,PACIFIC PARADISE,4564,QLD,Top 500,07 5448 9688,DIRECT CHEMIST OUTLET,A Grade,4 Weeks,
"3,002",QLD1,4566002,Livelife Pharmacy- Noosaville,Sh 5 Noosa Village S/C,24 Gibson Rd,NOOSAVILLE,4566,QLD,Top 500,07 5449 9049,Independent,A Grade,4 Weeks,
"3,004",QLD1,4567002,Noosa Heads Phy,Laguna Court,Hastings St,NOOSA HEADS,4567,QLD,Top 500,07 5447 3298,Independent,A Grade,4 Weeks,
"2,664",QLD1,4567004,Livelife Phy - Noosa Fair (Coles S/C),Sh 2 Noosa Fair S/C,Lanyana Way,NOOSA JUNCTION,4567,QLD,Top 500,07 5447 4044,Independent,A Grade,4 Weeks,BRAUER GOLD 14%
"2,621",QLD1,4570004,Fullife Phy Gympie,Goldfield Plaza S/C,Monkland St,GYMPIE,4570,QLD,Top 500,07 5482 9671,Independent,A C Grade,12 Weeks ,
"5,216",QLD1,4570014,Good Price Phy - Gympie,,24 Mary St,GYMPIE,4570,QLD,Top 500,07 5482 1274,GOOD PRICE PHY,A C Grade,12 Weeks ,
"2,462",QLD1,4573001,Livelife Phy 2 - Coolum Village (Coles),,Birtwill St ,COOLUM BEACH,4573,QLD,Top 500,07 5446 2111,Independent,A Grade,4 Weeks,BRAUER BRONZE 7%
"5,595",QLD1,4573008,Peregian Springs Livelife Phy,Sh 7 Peregian Springs S/C,1 Havana Rd West,PEREGIAN SPRINGS,4573,QLD,Top 500,07 5471 2011,Independent,A Grade,4 Weeks,BRAUER GOLD 14%
"2,820",QLD1,4575004,Terry White Chemist - 1  K/Waters 362,Sh 362 - 364  Kawana Waters S/C,Nicklin Way,KAWANA WATERS,4575,QLD,Top 500,07 54442211,TERRY WHITE CHEMIST,A Grade,4 Weeks,
"6,165",QLD1,4610005,Good Price - Kingaroy,Shop 2 Harvey Norman Ctr,18-20 Rogers Drive,Kingaroy,4610,QLD,Top 500,07 4162 7780,GOOD PRICE PHY,A C Grade,12 Weeks ,
"2,854",QLD1,4650010,Priceline Phy - Station Square Pharmacy,Sh 27 Station Square S/C,142 Lennox St,MARYBOROUGH,4650,QLD,Top 500,07 4121 2317,PRICELINE OP IN,A C Grade,12 Weeks ,
"3,244",QLD1,4650014,Good Price Phy - Maryborough,,227 Adelaide St,MARYBOROUGH,4650,QLD,Top 500,07 4121 3184,GOOD PRICE PHY,A C Grade,12 Weeks ,
"3,193",QLD1,4655003,Friendllies Chemist - Hervey Bay,,35 Torquay Rd,HERVEY BAY,4655,QLD,Top 500,07 4128 3899,FRIENDLIES CHEMIST,A C Grade,12 Weeks ,
"3,138",QLD1,4670014,Blooms The Chemist - Bundaberg,Sugarland S/C,Takalvan St,BUNDABERG,4670,QLD,Top 500,07 4152 5088,BLOOMS THE CHEMIST,A C Grade,12 Weeks ,
"2,747",QLD1,4701008,Malouf Group Phy - North Rockhampton ,Northside Plaza S/C,222-228 Musgrave St,ROCKHAMPTON,4701,QLD,Top 500,07 4927 5633,MALOUF GROUP PHY,A C Grade,12 Weeks ,
"2,857",QLD1,4701009,Terry White Stocklands - North Rockhampton,Sh 91B Stocklands S/C,Cnr Yaamba Rd & Bruce Hwy,NORTH ROCKHAMPTON,4701,QLD,Top 500,07 4928 0800,TERRY WHITE CHEMIST,A C Grade,12 Weeks ,
"2,611",QLD1,4703006,Yeppoon Day&Night Phy,,4 James St,YEPPOON,4703,QLD,Top 500,07 4939 1408,Independent,A C Grade,12 Weeks ,
"3,424",QLD1,,Health Shop - Morayfield,Sh 99 Morayfield S/C,Morayfeild Rd,MORAYFIELD,4506,QLD,Top 500,07 5498 3384,Independent,A Grade,4 Weeks,BRAUER SILVER 10%
"3,476",QLD1,,Bundaberg Health Food,,51E Woongarra St,BUNDABERG,4670,QLD,Top 500,07 4151 5187,Independent,A C Grade,12 Weeks ,
"6,937",QLD1,,Go Vita - Toombul,Sh 6 Centro Toombul,Sandgate Road,TOOMBUL,4012,QLD,Top 500,07 3256-6397,GO VITA,A Grade,4 Weeks,BRAUER GOLD 14%
"2,572",QLD2,2460002,Blooms The Chemist - Grafton,Shop 24 Grafton S/C,Fitzroy St,GRAFTON,2460,QLD,Top 500,02 6643 1241,BLOOMS THE CHEMIST,A C Grade,12 Weeks ,
"5,824",QLD2,2460025,Good Price Phy - Grafton,,63 Prince St,GRAFTON,2460,QLD,Top 500,02 6642 1167,GOOD PRICE PHY,A C Grade,12 Weeks ,
"2,776",QLD2,2470005,Soul Pattinson Chemist - Scrivener & Webb,,89 Walker St,CASINO,2470,QLD,Top 500,02 6662 1202,SOUL PATTINSON,A C Grade,12 Weeks ,BRAUER GOLD 14%
"2,571",QLD2,2478001,Blooms The Chemist - Ballina,Sh 68 Ballina Fair,Cnr Kerr & Fox St,BALLINA,2478,QLD,Top 500,02 6686 9202,BLOOMS THE CHEMIST,A C Grade,12 Weeks ,
"5,314",QLD2,2478014,Chemmart Superstore Ballina,,102 _ 110 River Street,BALLINA,2478,QLD,Top 500,02 6686 8800,CHEMMART MASTER,A C Grade,12 Weeks ,
"2,678",QLD2,2480011,Blooms Chemist - Lismore,,89-93 Keen St,LISMORE,2480,QLD,Top 500,02 6621 4000,BLOOMS THE CHEMIST,A C Grade,12 Weeks ,
"2,774",QLD2,2481008,Chemist Outlet - Byron Bay,,51 Johnson St,BYRON BAY,2481,QLD,Top 500,02 6685 6475,CHEMIST OUTLET,A C Grade,12 Weeks ,
"2,626",QLD2,2484002,Murwillumbah Soul Patt Chemist,Sh 14 Sunnyside S/C,Wollumbin Rd,MURWILLUMBAH,2484,QLD,Top 500,02 6672 3323,SOUL PATTINSON,A C Grade,12 Weeks ,
"2,837",QLD2,2485004,Chempro Amcal  Tweed Centro,Sh 58 Centro Tweed ,Wharf St ,TWEED HEADS,2485,QLD,Top 500,07 5536 4455,AMCAL CHEMIST,A Grade,4 Weeks,
"3,052",QLD2,2486006,Blooms the Chemist  - Tweed,Sh 115 Tweed City S/C ,54 Minjunbal Drive,TWEED HEADS SOUTH,2486,QLD,Top 500,07 5524 4974,BLOOMS THE CHEMIST,A Grade,4 Weeks,
"3,053",QLD2,2486010,Blooms Tweed City Transit,Shop 204 Tweed City S/C,54 Minjunbal Drive,TWEED HEADS SOUTH,2486,QLD,Top 500,07 5523 3325,BLOOMS THE CHEMIST,A Grade,4 Weeks,
"5,533",QLD2,2486011,Blooms the Chemist  - Banora,Benora Central S/C,Cnr Fraser & Leisure Dr,BANORA POINT,2486,QLD,Top 500,07 5524 2166,BLOOMS THE CHEMIST,A Grade,4 Weeks,
"2,953",QLD2,2487007,Chempro - Kingscliffe Amcal Chemist,,90 Marine Parade,KINGSCLIFFE,2487,QLD,Top 500,02 6674 1140,AMCAL CHEMIST,A Grade,4 Weeks,
"2,899",QLD2,2488002,Amcal Chempro Chemist - Cabarita Beach,,51 Tweed Coast Rd,CABARITA BEACH,2488,QLD,Top 500,02 6676 1571,AMCAL CHEMIST,A C Grade,12 Weeks ,BRAUER GOLD 14%
"5,534",QLD2,4006602,Malouf Group Phy - Head Office,,132 Commercial Rd,NEWSTEAD,4006,QLD,Top 500,07 3620 7777,,A Grade,4 Weeks,
"3,059",QLD2,4114006,Logan Central Phy, Logan Central S/C,38- 74  Wembley Rd,WOODRIDGE,4114,QLD,Top 500,07 3208 0055,SOUL PATTINSON,A Grade,4 Weeks,
"2,815",QLD2,4118006,Terry White Chemist - Browns Plains,Sh 33 Grand Plaza S/C,Brown Plains Rd,BROWNS PLAINS,4118,QLD,Top 500,07 3800 6700,TERRY WHITE CHEMIST,A Grade,4 Weeks,
"5,018",QLD2,4119003,Good Price Phy - Underwood,,Cnr Compton & Kingston Rd,UNDERWOOD,4119,QLD,Top 500,07 3808 6566,GOOD PRICE PHY,A Grade,4 Weeks,
"2,828",QLD2,4122003,Terry White Chemist Garden City - Upper Mt Gravatt,Sh 2084 Garden City S/C,Cnr Kessels & Logan Rd,UPPER MT GRAVATT,4122,QLD,Top 500,07 3349 8709,TERRY WHITE CHEMIST,A Grade,4 Weeks,
"2,991",QLD2,4122023,Good Price Phy - Mt Gravatt,Homemaker City,Logan Rd,MT GRAVATT,4122,QLD,Top 500,07 3349 1406,GOOD PRICE PHY,A Grade,4 Weeks,
"2,696",QLD2,4127004,Express Disc Phy Springwood,Sh 49 Chatswood Central ,Cnr Chatswood & Magellan Rd,SPRINGWOOD,4127,QLD,Top 500,07 3209 1533,PHARMASAVE,A Grade,4 Weeks,
"2,824",QLD2,4129003,Express Discount Phy  - Loganholme,Sh 1 - 2Hyperdome,Cnr Pacific Hwy & Bryant Rd,LOGANHOLME,4129,QLD,Top 500,07 3801 1729,AMCAL CHEMIST,A Grade,4 Weeks,
"2,782",QLD2,4132003,Amcal Chempro Marsden Park Phy,Marsden Park S/C,55 Chambers Flat Rd,MARSDEN,4132,QLD,Top 500,07 3200 6361,AMCAL CHEMIST,A Grade,4 Weeks,
"2,677",QLD2,4151001,Terry White Chemist - Coorparoo,,332 Old Cleveland Rd,COORPAROO,4151,QLD,Top 500,07 3397 5884,TERRY WHITE CHEMIST,A Grade,4 Weeks,
"2,817",QLD2,4152003,Terry White Carindale Lower ,Sh MM8 Low Lev Westfield S/C,Creek St,CARINDALE,4152,QLD,Top 500,07 3398 4499,TERRY WHITE CHEMIST,A Grade,4 Weeks,
"2,818",QLD2,4152005,Priceline Phy - Carindale Upper,Sh 2067 Westfield S/C,1151 Creek Rd,CARINDALE,4152,QLD,Top 500,07 3398 9988,PRICELINE PHY,A Grade,4 Weeks,
"5,012",QLD2,4157011,Good Price Phy - Capalaba,,225 Old Cleveland Road,CAPALABA,4157,QLD,Top 500,07 3245 4244,GOOD PRICE PHY,A Grade,4 Weeks,
"2,461",QLD2,4157012,Amcal Max - Capalaba,Capalaba Park S/C,45 Redland Bay Road,CAPALABA,4157,QLD,Top 500,07 3390 3635,AMCAL MAX,A Grade,4 Weeks,
"2,682",QLD2,4163015,Chemist King Cleveland,Shop 6 ,2-20 Shore St West,CLEVELAND,4160,QLD,Top 500,07 3821 0000,CHEMIST KING ,A Grade,4 Weeks,
"2,679",QLD2,4165001,Terry White Victoria Point ,Sh MM4 Victoria Point S/C ,Cnr Bunker & Redland Bay Rd,VICTORIA POINT,4165,QLD,Top 500,07 3207 8188,TERRY WHITE CHEMIST,A Grade,4 Weeks,
"2,904",QLD2,4170010,Good Price Phy - Cannon Hill,Sh 5B Homemaker Cnt,Creek Rd,CANNON HILL,4170,QLD,Top 500,07 3395 8895,GOOD PRICE PHY,A Grade,4 Weeks,
"2,838",QLD2,4178007,Amcal Chempro Chemist - Wynnum West,Sh 19 Wynnum Plaza,2021 Wynnum Rd,WYNNUM WEST,4178,QLD,Top 500,07 3396 7555,AMCAL CHEMIST,A Grade,4 Weeks,
"2,987",QLD2,4207003,Chempro Amcal Mt Warren Pk,,Mt Warren Blvd,MT WARREN,4207,QLD,Top 500,07 3807 1000,AMCAL CHEMIST,A Grade,4 Weeks,
"6,202",QLD2,4207019,Holmview Central Amcal Phy,Holmview Central S/C,318 - 322 Logan River Road,HOLMVIEW,4207,QLD,Top 500,07 3386 1394,AMCAL CHEMIST,A Grade,4 Weeks,
"5,678",QLD2,4209005,Chempro - Coomera City Amcal Chemist,Coomera City S/C,Cnr Old Coach & Days Rd,COOMERA,4209,QLD,Top 500,07 5573 1407,AMCAL CHEMIST,A Grade,4 Weeks,
"5,544",QLD2,4210007,Chempro - Oxenford Amcal Chemist,Sh 9 Centro Oxenford S/C,"Cnr Tamborine, Oxenford & Old Pacfic Hwy",OXENFORD,4210,QLD,Top 500,07 5519 9200,AMCAL CHEMIST,A Grade,4 Weeks,
"2,784",QLD2,4211010,Chempro - Nerang Fair Amcal Chemist,Sh 8 Nerang Fair S/C,Cnr Nerang & Beaudesert Rd,NERANG,4211,QLD,Top 500,07 5596 3421,AMCAL CHEMIST,A Grade,4 Weeks,
"2,600",QLD2,4211015,Chemmart Pacific Pines Phy ,Sh 5 Pacific Pines S/C ,Cnr Pitcairn Way & Pacific Pines Blvd,PACIFIC PINES,4211,QLD,Top 500,07 5580 6662,CHEMMART MASTER,A Grade,4 Weeks,
"5,645",QLD2,4211017,Good Price Phy - Carrara,Sh 8 T03 Carrara Food Fair,Cnr Gooding Dr & Manchester St,CARRARA,4211,QLD,Top 500,07 5579 9044,GOOD PRICE PHY,A Grade,4 Weeks,
"2,465",QLD2,4212003,Chempro - Helensvale Plaza Amcal Phy,Sh 3,12 Sir John Overall Dr,HELENSVALE,4212,QLD,Top 500,07 5573 1770,AMCAL CHEMIST,A Grade,4 Weeks,
"4,855",QLD2,4212007,Priceline Phy - Helensvale,1102 Westfield S/C,1 - 29 Millaroo Dr,HELENSVALE,4212,QLD,Top 500,07 5573 4483,PRICELINE PHY,A Grade,4 Weeks,
"5,001",QLD2,4212008,Blooms The Chemist  - Helensvale,Sh 1037/8 Westfield S/C,1-29 Millaroo Drive,HELENSVALE,4212,QLD,Top 500,07 5519 3633,BLOOMS THE CHEMIST,A Grade,4 Weeks,
"4,950",QLD2,4214008,Good Price Phy - Ashmore,Sh 3 Central Park Plaza,Central Park Ave,ASHMORE,4214,QLD,Top 500,07 55645711,GOOD PRICE PHY,A Grade,4 Weeks,
"6,056",QLD2,4214009,Good Price Phy WH - Arundel,Sh 2 ,1 Marble Arch Place,ARUNDEL,4214,QLD,Top 500,07 5563 2855,GOOD PRICE PHY,A Grade,4 Weeks,
"2,834",QLD2,4215004,Terry White Chemist - Australia Fair,Sh G143 Australia Fair S/C,Scarborough St,SOUTHPORT,4215,QLD,Top 500,07 5591 6480,TERRY WHITE CHEMIST,A Grade,4 Weeks,
"2,833",QLD2,4216001,Terry White Chemist - Runaway Bay,Sh 44 Runaway Bay S/C,Bayview St,RUNAWAY BAY,4216,QLD,Top 500,07 5537 2707,TERRY WHITE CHEMIST,A Grade,6 Weeks,
"2,878",QLD2,4216010,Giant Chemist - Harbour Town,Sh 2 Harbour S/C,Cnr Brisbane Rd & Olsen Ave,BIGGERA WATERS,4216,QLD,Top 500,07 5529 3444,Independent,A Grade,4 Weeks,
"2,827",QLD2,4218004,Q Super Centre Amcal Chempro,Sh C28 Q Super Cnt,Cnr Bermuda & Markeri St,MERMAID WATERS,4218,QLD,Top 500,07 5578 6933,AMCAL CHEMIST,A Grade,4 Weeks,
"2,813",QLD2,4218006,Terry White Chemist - Pacific Fair,Sh 76-78 Pacific Fair S/C,Hooker Blvd,BROADBEACH,4218,QLD,Top 500,07 5538 6444,TERRY WHITE CHEMIST,A Grade,4 Weeks,
"2,814",QLD2,4218015,Terry White Chemist - Oasis,Sh G36 The Oasis S/C,26 Victoria Ave,BROADBEACH,4218,QLD,Top 500,07 5592 3767,TERRY WHITE CHEMIST,A Grade,4 Weeks,
"5,086",QLD2,4218018,Giant Chemist - Pacific Fair,"L1, Sh 369 Pacific Fair S/C",,BROADBEACH,4218,QLD,Top 500,07 5527 6700,Independent,A Grade,4 Weeks,
"2,455",QLD2,4220012,Chempro - Burleigh Town Amcal Chemist,Sh 5-6 Burleigh Town Market Plaza,,BURLEIGH WEST,4219,QLD,Top 500,07 5535 9866,AMCAL CHEMIST,A Grade,4 Weeks,
"2,692",QLD2,4221005,Chempro - Palm Waters Amcal,,Cnr Nineteenth Ave & Angelica St,PALM BEACH,4221,QLD,Top 500,07 5576 1050,AMCAL CHEMIST,A Grade,4 Weeks,
"2,475",QLD2,4221006,Chempro - Palm Beach 7 Day Amcal Chemist,,1148 Gold Coast Hwy,PALM BEACH,4221,QLD,Top 500,07 5534 2773,AMCAL CHEMIST,A Grade,4 Weeks,BRAUER GOLD 14%
"2,930",QLD2,4221007,Blooms The Chemist The Pines,Sh 22 Pines S/C,McGrath & Guinnis Creek Rd,ELANORA,4221,QLD,Top 500,07 5598 1415,BLOOMS THE CHEMIST,A Grade,4 Weeks,
"5,905",QLD2,4225012,Chemist Warehouse - Coolangatta,,8 - 12 Griffith St,COOLANGATTA,4225,QLD,Top 500,07 5536 1139,CHEM W/HOUSE,A Grade,4 Weeks,
"2,596",QLD2,4225013,Chempro - The Strand Coolangatta Amcal,Level 1,72-80 Marine Parade ,COOLANGATTA,4225,QLD,Top 500,07 5599 4041,AMCAL CHEMIST,A Grade,4 Weeks,
"5,133",QLD2,4226009,Good Price Phy - Robina,Sh RC12 Robina Super Cnt,86-104 Robina Town Cnt Dr,ROBINA,4226,QLD,Top 500,07 5562 1966,GOOD PRICE PHY,A Grade,4 Weeks,
"2,862",QLD2,4350009,Terry White Clifford Garden,Sh 47 Clifford Gardens S/C,Cnr James St & Anzac Ave,TOOWOOMBA,4350,QLD,Top 500,07 4634 6845,TERRY WHITE CHEMIST,A Grade,4 Weeks,
"6,033",QLD2,4350043,Good Price Phy - Toowoomba,"Shop10, 323 Ruthven Street",,TOOWOOMBA,4350,QLD,Top 500,07 4613 0077,GOOD PRICE PHY,A Grade,4 Weeks,
"2,674",QLD2,4350046,Grand Central Phy ,Sh 16 Grand Central S/C,Margaret St,TOOWOOMBA,4350,QLD,Top 500,07 4632 0722,Independent,A Grade,4 Weeks,
"6,637",QLD2,4350057,Priceline Phy Northpoint ,Sh 21 Northpoint S/C,Corner Ruthven St and Jones St,North Toowoomba,4350,QLD,Top 500,07 4632 7172,PRICELINE OP IN,A Grade,4 Weeks,
"5,195",QLD2,4352004,Discount Drug Store - Highfields,Sh 1,2-4 Plaza Circle,HIGHFIELDS,4352,QLD,Top 500,07 4615 5600,DISCOUNT DRUG STORE,A Grade,4 Weeks,
"3,228",QLD2,4740044,AFS Friendly Care Pharmacy - Nebo,135-137 Nebo Rd,,MACKAY,4740,QLD,Top 500,07 4957 4636,DISCOUNT DRUG STORE,A C Grade,12 Weeks ,
"3,066",QLD2,4812008,Friendlies Chemmart Pimlico Phy,M05A Castletown Shoppingworld ,35-47 Kings Rd,PIMLICO,4812,QLD,Top 500,07 4750 7333,CHEMMART,A C Grade,12 Weeks ,
"5,080",QLD2,4814016,Chemist Outlet - Townsville,Sh 5,143 Duckworth st,TOWNSVILLE,4814,QLD,Top 500,07 4728 8897,CHEMIST OUTLET,A C Grade,12 Weeks ,
"3,362",QLD2,4868001,Calanna Phy - Woree,,600 Bruce Hwy,WOREE,4868,QLD,Top 500,07 4054 2440,Independent,A C Grade,12 Weeks ,
"6,055",QLD2,4869005,Calanna Phy - Edmonton,Shop 12  7 - 11 Walker Rd,,EDMONTON ,4869,QLD,Top 500,07 4045 5526,Independent,A C Grade,12 Weeks ,
"3,240",QLD2,4870013,Discount Drug Store - Pease St,Sh 27 Piccones S/V,159-161 Pease St,MANUNDA,4870,QLD,Top 500,07 4053 2883,DISCOUNT DRUG STORE,A C Grade,12 Weeks ,BRAUER GOLD 14%
"2,845",QLD2,4870029,Terry White  Cairns Central,Sh 112 Cairns Central S/C,Cnr Aplin & McLeod St,CAIRNS,4870,QLD,Top 500,07 4031 8855,TERRY WHITE CHEMIST,A C Grade,12 Weeks ,
"6,107",QLD2,4870046,Good Price Phy - Cairns Westcourt,Sh 2A,318 - 324 Mulgrave Road,CAIRNS,4870,QLD,Top 500,07 4051 6005,GOOD PRICE PHY,A C Grade,12 Weeks ,
"3,375",QLD2,,Go Vita - Ballina Fair,Sh 25 Ballina Fair S/C,Kerr St,BALLINA,2478,QLD,Top 500,02 6686 8252,GO VITA,A C Grade,12 Weeks ,
"3,377",QLD2,,Go Vita - Byron Bay Express Health Food,Sh 2,69 Jonson St,BYRON BAY,2481,QLD,Top 500,02 6680 7464,GO VITA,A C Grade,12 Weeks ,
"3,395",QLD2,,Go Vita - Smithfield Regeneration Health Food,Sh 11A Smithfield S/C,,SMITHFIELD,4878,QLD,Top 500,07 4038 1662,GO VITA,A C Grade,12 Weeks ,
"3,433",QLD2,,Health Squared Garden City ,Sh 2069 Garden City S/C,Kessels Rd,UPPER MT GRAVATT,4122,QLD,Top 500,07 3349 8619,Independent,A Grade,4 Weeks,
"5,608",QLD2,,Go Vita - Cairns,Sh 104 Stockland S/C,,EARLVILLE,4870,QLD,Top 500,07 4054 2481,GO VITA,A C Grade,12 Weeks ,
,QLD2,,Healthy Life - Cleveland,Sh 8 Stockland Harbourside S/C,91 Middle St,CLEVELAND,4163,QLD,Top 501,07 3286 5401,HEALTHY LIFE,A Grade,4 Weeks,
214,SA1,830002,United Discount Chemist - Palmerston,Sh 20-21 Palm City Oasis S/C,Cnr Chungwah & Temple Tce,PALMERSTON,830,SA,Top 500,08 8932 5933,Independent,A C Grade,26 Weeks,
238,SA1,870002,Alice Springs Phy,Sh 19 Yeperenge S/C,36-38 Hartley St,ALICE SPRINGS,870,SA,Top 500,08 8952 1554,Independent,A C Grade,26 Weeks,
"6,908",SA1,3500013,Ontario Discount Phy ,239 Thirteenth St,,MILDURA,3500,SA,Top 500,03 5021 1219,Independent,A Grade,4 Weeks,
182,SA1,5000014,National Pharmacies - Adelaide,,52 Gawler Place,ADELAIDE,5000,SA,Top 500,08 8223 0300,NATIONAL PHARMACIES,A Grade,4 Weeks,
41,SA1,5021004,Better Health Phy - West Lakes,Sh 45 West Lakes Mall S/C,West Lakes Boulevard,WEST LAKES,5021,SA,Top 500,08 8356 0787,TOMEO AND LASLETT,A Grade,4 Weeks,
189,SA1,5023003,National Pharmacies - Findon,,303 Grange Rd,FINDON,5023,SA,Top 500,08 8356 7619,NATIONAL PHARMACIES,A Grade,4 Weeks,
14,SA1,5024001,Better Health-  Fulham Gardens,Sh 6 Target S/C,447 Tapleys Hill Rd,FULHAM GARDENS,5024,SA,Top 500,08 8356 4131,Independent,A Grade,4 Weeks,
227,SA1,5039006,Terry White Chemist - Edwardstown,Sh 4-7 Castle Plaza S/C,992 South Pine Rd,EDWARDSTOWN,5039,SA,Top 500,08 8277 1511,TERRY WHITE CHEMIST,A Grade,4 Weeks,
144,SA1,5041007,Chemist King - Colonel Light Gardens,,501 Goodwood Rd,COLONEL LIGHT GARDENS,5041,SA,Top 500,08 8276 1922,CHEMIST KING ,A Grade,4 Weeks,BRAUER GOLD 14%
183,SA1,5043005,National Pharmacies - Ascot Park,,629 Marion Rd,ASCOT PARK,5043,SA,Top 500,08 8276 1745,NATIONAL PHARMACIES,A Grade,4 Weeks,
190,SA1,5045007,National Pharmacies - Glenelg,,83 Jetty Rd,GLENELG,5045,SA,Top 500,08 8295 4789,NATIONAL PHARMACIES,A Grade,4 Weeks,
"5,659",SA1,5045024,Chemist Warehouse - Glenelg,,88 Jetty Road,GLENELG,5045,SA,Top 500,08 8295 4745,CHEM W/HOUSE,A Grade,4 Weeks,
185,SA1,5048003,National Pharmacies - Brighton,,424 Brighton Rd,BRIGHTON,5048,SA,Top 500,08 8296 6846,NATIONAL PHARMACIES,A Grade,4 Weeks,
184,SA1,5051003,National Pharmacies - Blackwood,,241 Main Rd,BLACKWOOD,5051,SA,Top 500,08 8278 2870,NATIONAL PHARMACIES,A Grade,4 Weeks,
198,SA1,5062010,National Pharmacies - Mitcham,,109 Belair Rd,MITCHAM,5062,SA,Top 500,08 8271 7465,NATIONAL PHARMACIES,A Grade,4 Weeks,
146,SA1,5063002,Chemist King Frewville,Sh 4 Foodland S/C,177 Glen Osmond Rd,FREWVILLE,5063,SA,Top 500,08 8379 5234,CHEMIST KING ,A Grade,4 Weeks,
191,SA1,5064002,National Pharmacies - Glenunga,,297 Glen Osmond Rd,GLENUNGA,5064,SA,Top 500,08 8379 2068,NATIONAL PHARMACIES,A Grade,4 Weeks,
203,SA1,5067003,National Pharmacies - Norwood,,156 The Pde,NORWOOD,5067,SA,Top 500,08 8431 1894,NATIONAL PHARMACIES,A Grade,4 Weeks,
13,SA1,5073003,Chemist King Hectorville,84 Glynburn Road ,,Hectorville,5073,SA,Top 500,08 8417 7192,CHEMIST KING ,A Grade,4 Weeks,
201,SA1,5074009,National Pharmacies - Newton,,60-64 Gorge Rd,NEWTON,5074,SA,Top 500,08 8336 2951,NATIONAL PHARMACIES,A Grade,4 Weeks,
199,SA1,5092005,National Pharmacies - Modbury,Tea Tree Plus S/C,1020 North East Rd,MODBURY,5092,SA,Top 500,08 8264 3657,NATIONAL PHARMACIES,A Grade,4 Weeks,
298,SA1,5098003,Ingle Farm Amcal Phy,Sh 26 Ingle Farm S/C,Montague Rd,INGLE FARM,5098,SA,Top 500,08 8265 3144,AMCAL CHEMIST,A Grade,4 Weeks,
36,SA1,5108006,Hollywood Discount Chemist,Shop 45-47 Hollywood Plaza S/C,Winzor St,SALISBURY DOWNS,5108,SA,Top 500,08 8250 4998,STAR PHY DISCOUNT CHEMIST,A Grade,4 Weeks,
370,SA1,5108018,Discount Phy - Salisbury,,Sh1 7/9 GawlerSt,SALISBURY ,5108,SA,Top 500,08 8281 7288,Independent,A Grade,4 Weeks,
"5,232",SA1,5110001,Discount Springbank  Phy,Sh 2 Springbank Plaza S/C,382-396  Waterloo Corner,BURTON,5110,SA,Top 500,08 8280 3063,TOMEO AND LASLETT,A Grade,4 Weeks,
"5,186",SA1,5114002,Priceline Phy - Munno Para,Sh 57 Munno Para S/C,600 Main North Rd,SMITHFIELD,5114,SA,Top 500,08 82541068,PRICELINE OP IN,A Grade,4 Weeks,
"6,344",SA1,5114007,Good Price Phy WH Munno Para,Sh 93 & 94 Munno Para S/C,600 Main North Road ,SMITHFIELD,5114,SA,Top 500,08 8254 2010,GOOD PRICE PHY,A Grade,4 Weeks,
95,SA1,5125003,National Pharmacies - Golden Grove Village,Sh 74 Golden Grove Village,The Golden Way,GOLDEN GROVE,5125,SA,Top 500,08 8251 2946,NATIONAL PHARMACIES,A Grade,4 Weeks,
39,SA1,5152001,Stirling Chemmart,,21 Mount Barker Rd,STIRLING,5152,SA,Top 500,08 8339 2800,CHEMMART MASTER,A Grade,4 Weeks,THE GREEN DISPENSARY GROUP
226,SA1,5152002,The Green Dispensary - Stirling,,28 Mount Barker Rd,STIRLING,5152,SA,Top 500,08 8339 1347,Independent,A Grade,4 Weeks,THE GREEN DISPENSARY GROUP
97,SA1,5158003,Terry White - Hallett Cove,Hallett Cove Shopping Mall,45 Lonsdale Dr,HALLETT COVE,5158,SA,Top 500,08 8387 2116,CHEMPLUS,A Grade,4 Weeks,
57,SA1,5159005,HUB AMCAL PHARMACY,Sh 32 Hub S/C,Taylors Rd,ABERFOYLE PARK,5159,SA,Top 500,08 8270 1885,CHEMMART MASTER,A Grade,4 Weeks,BRAUER GOLD 14%
24,SA1,5162001,Chemist King - Morphett Vale,,1 Doctors Rd,MORPHETT VALE,5162,SA,Top 500,08 8384 8780,CHEMIST KING ,A Grade,4 Weeks,
200,SA1,5162009,National Pharmacies - Morphett Vale,,188A Main South Rd,MORPHETT VALE,5162,SA,Top 500,08 8384 1661,NATIONAL PHARMACIES,A Grade,4 Weeks,
"6,558",SA1,5162013,Good Price Phy - Morphett Vale ,Unit 1,378 Main South Rd,MORPHETT VALE,5162,SA,Top 500,08 7200 2568,GOOD PRICE PHY,A Grade,4 Weeks,
115,SA1,5168001,Carrig Chemist - Noarlunga,Shy 3-4 Colonnades S/C,54 Beach Rd,NOARLUNGA,5168,SA,Top 500,08 8384 3794,Independent,A Grade,4 Weeks,
126,SA1,5169002,Chemplus Chemist - Seaford,,Cnr Commercial Rd & The Pde,SEAFORD,5169,SA,Top 500,08 8386 3933,CHEMPLUS,A Grade,4 Weeks,
71,SA1,5171001,McLaren Vale Chemmart Phy,,130 Main Rd,MCLAREN VALE,5171,SA,Top 500,08 8323 8318,CHEMMART MASTER,A Grade,4 Weeks,
132,SA1,5211001,Chemplus Chemist - Victor Harbour,Woolworths S/C,Torrens St,VICTOR HARBOR,5211,SA,Top 500,08 8552 1797,CHEMPLUS,A Grade,4 Weeks,
73,SA1,5251001,Terry White Chemist - Mt Barker,Sh 21 - 22 Mt Barker Central S/C,13 McLaren St,MT BARKER,5251,SA,Top 500,08 8398 2237,TERRY WHITE CHEMIST,A Grade,4 Weeks,THE GREEN DISPENSARY GROUP
25,SA1,5251003,Mt Barker Chemmart Phy,,45 Gawler St,MT BARKER,5251,SA,Top 500,08 8391 1057,CHEMMART MASTER,A Grade,4 Weeks,THE GREEN DISPENSARY GROUP
"5,917",SA1,5251008,National Pharmacies Mt Barker,Sh 5 Barker Plaza,cnr Hutchinson & Morphett Streets,MT BARKER,5251,SA,Top 500,08 8391 0243,NATIONAL PHARMACIES,A Grade,4 Weeks,
27,SA1,5253007,Amcal Chemist -  Murray Bridge  Phy,Sh 23/1 Woolworths S/C,Swanport Rd,MURRAY BRIDGE,5253,SA,Top 500,08 8531 2555,AMCAL CHEMIST,A Grade,4 Weeks,BRAUER GOLD 14%
26,SA1,5253012,Chemist King Murray Bridge,Sh 16 - 19 Murray Bridge Green,1Swanport Rd,MURRAY BRIDGE,5253,SA,Top 500,08 8532 2700,CHEMIST KING ,A Grade,4 Weeks,
379,SA1,5255001,Strathalbyn Amcal Phy,,10 Dawson St,STRATHALBYN,5255,SA,Top 500,08 8536 2266,AMCAL CHEMIST,A Grade,4 Weeks,
"6,062",SA1,5291002,Chemist King Mt Gambier,4/170-174 Jubilee Highway ,West Collin Court ,MT GAMBIER,5290,SA,Top 500,08 8723 9579,CHEMIST KING ,A C Grade,12 Weeks ,
170,SA1,5352005,Priceline Phy - Tanunda ,Sh 5,117  Murray St,TANUNDA,5352,SA,Top 500,08 8563 2611,PRICELINE OP IN,A Grade,4 Weeks,
119,SA1,5355002,Terry White - Barossa,,1 Murray St,NURIOOTPA,5355,SA,Top 500,08 8562 1550,CHEMPLUS,A Grade,4 Weeks,
85,SA1,5608007,Monarch Chemmart Phy - Whyalla Norrie,Sh 45 Weslands S/C,Norrie Avenue,WHYALLA NORRIE,5600,SA,Top 500,08 8645 5045,CHEMMART MASTER,A C Grade,12 Weeks ,
414,SA1,,Go Vita  - Marion,Sh 1143 Fresh Food Market,Westfield S/C,MARION,5043,SA,Top 500,08 8296 8401,GO VITA,A Grade,4 Weeks,BRAUER GOLD 14%
416,SA1,,Go-Vita Modbury,Tea Tree Plaza,976 North East Rd,MODBURY,5092,SA,Top 500,08 8264 5133,GO VITA,A Grade,4 Weeks,
426,SA1,,Go Vita- Mount Barker,Sh 9 Mt Barker Central S/C,,MT BARKER,5251,SA,Top 500,08 8391 1576,GO VITA,A Grade,4 Weeks,BRAUER GOLD 14%
435,SA1,,Go Vita - Tanunda,,98 Murray St,TANUNDA,5352,SA,Top 500,08 8563 0244,GO VITA,A Grade,4 Weeks,
"4,567",SA1,,Healthy Life - Mildura,Sh T03 Mildura Plaza S/C,Cnr 15th & Deakin St,MILDURA,3500,SA,Top 500,03 5023 8255,HEALTHY LIFE,A C Grade,12 Weeks ,
"4,685",VIC1,16073,Replenish Health Williamstown,,20 Douglas Pde,WILLIAMSTOWN,3016,VIC,Top 500,03 9397 7363,Independent,A Grade,4 Weeks,BRAUER GOLD 14%
"3,710",VIC1,3000011,Elizabeth Pharmacy,,125 Elizabeth St,MELBOURNE,3000,VIC,Top 500,03 9670 3815,API HEALTHCARE,A Grade,4 Weeks,
"5,661",VIC1,3008004,Spencer St Phy,Sh 309,201 Spencer St,MELBOURNE,3008,VIC,Top 500,03 9600 1938,CHEMSAVE PHY,A Grade,4 Weeks,BRAUER SILVER 10%
"6,145",VIC1,3012007,Direct Chemist Outlet -  Central West,Shop 10-13 Central West Shopping Plaza,Corner South rd Ashley st,WEST FOOTSCRAY,3012,VIC,Top 500,03 9689 7788,DIRECT CHEMIST OUTLET,A Grade,4 Weeks,
"4,512",VIC1,3013002,Yarraille Soul Pattinson Chemist,,149 Somerville Rd,YARRAVILLE,3013,VIC,Top 500,03 9314 7329,Independent,A Grade,4 Weeks,
"4,418",VIC1,3021001,Kealba Phy,,55 Sunshine Ave,KEALBA,3021,VIC,Top 500,03 9366 7672,API HEALTHCARE,A Grade,4 Weeks,BRAUER GOLD 14%
"4,360",VIC1,3023008,Phy Select Caroline Springs,Sh 16 Caroline Springs Square S/C,Lake St,CAROLINE SPRINGS,3023,VIC,Top 500,03 9363 7999,PHY SELECT,A Grade,4 Weeks,
"4,854",VIC1,3029008,Wyndham Village Phy ,Sh 5 Wyndham Village S/C,Cnr Sayers & Morris Rds,TARNEIT,3029,VIC,Top 500,03 8742 7466,PHY SELECT,A Grade,4 Weeks,
"4,455",VIC1,3030013,PharmaSave - Sanctuary Lakes,Sh 27 Santuary Lakes S/C,Point Cook Rd,SANCTUARY LAKES,3030,VIC,Top 500,03 9395 4311,PHARMASAVE,A Grade,4 Weeks,
"4,505",VIC1,3030016,Direct Chemist Outlet - Werribee,Sh 10A  Werribee Village S/C,Cnr Tarniet & Shores Rd,WERRIBEE,3030,VIC,Top 500,03 9731 1991,DIRECT CHEMIST OUTLET,A Grade,4 Weeks,
"5,736",VIC1,3030018,Point Cook Phy Select ,Sh 102 Point Cook Town Cnt,Crn Dunnings Rd & Boardwalk Blvd,POINT COOK,3030,VIC,Top 500,03 9395 0179,PHY SELECT,A Grade,4 Weeks,
"3,942",VIC1,3032017,PharmaSave Highpoint Phy - Maribyrnong ,Level 2 ,Sh 2539 Highpoint S/C,MARIBYRNONG,3032,VIC,Top 500,03 9318 2983,PHARMASAVE,A Grade,4 Weeks,
"4,309",VIC1,3042012,Maxcare Airport  West ,Sh 40 Westfield S/T,29-35 Louis St,AIRPORT WEST,3042,VIC,Top 500,03 9330 1356,Independent,A Grade,4 Weeks,BRAUER GOLD 14%
"4,000",VIC1,3043003,Terry White Chemist - Gladstone Park,Sh 104 Gladstone Pk S/C,Gladstone Pk Dr,GLADSTONE PARK,3043,VIC,Top 500,03 9338 1033,TERRY WHITE CHEMIST,A Grade,4 Weeks,
"3,609",VIC1,3056006,Barkly Square Chemmart Phy,Sh 13-15 Barkly Sq S/C,90-106  Sydney Road,BRUNSWICK,3056,VIC,Top 500,03 9387 3717,PRICELINE PHY,A Grade,4 Weeks,BRAUER GOLD 14%
"3,776",VIC1,3076009,Pharmacy Select Lyndarum,Shop 7 Epping North S/C ,2 lyndarum Drive ,EPPING NORTH,3076,VIC,Top 500,03 8401 4877,PHY SELECT,A Grade,4 Weeks,
"3,719",VIC1,3082002,Fullife Phy  Mill Park,Sh 50 The Stables S/C,Childs Rd,MILL PARK,3082,VIC,Top 500,03 9404 2444,FULLIFE PHY,A Grade,4 Weeks,
"5,326",VIC1,3082007,Pharmacy Select  Plenty Valley ,Sh 65 Plenty Valley S/C,McDonalds Road,MILL PARK,3082,VIC,Top 500,03 9436 9455,PHY SELECT,A Grade,4 Weeks,
"3,524",VIC1,3212001,Lara Phy ,,7 Waverley Rd,LARA,3212,VIC,Top 500,03 5282 1357,Independent,A Grade,4 Weeks,BRAUER GOLD 14%
"4,030",VIC1,3216001,Community Care Chemist - Belmont,,157 High St,BELMONT,3216,VIC,Top 500,03 5241 1755,COMMUNITY CARE CHEMIST ,A Grade,4 Weeks,BRAUER GOLD 14%
"4,168",VIC1,3216010,Amcal Waurn Ponds,Sh 1D Town & Country S/C,Cnr Pioneer Rd,WAURN PONDS,3216,VIC,Top 500,03 5243 1050,AMCAL CHEMIST,A Grade,4 Weeks,
"6,669",VIC1,3216016,Pricline Phy - Waurn Ponds ,Sh MM2 Waurn Ponds S/C,173-199 Pioneers Rd,WAURN PONDS ,3216,VIC,Top 500,03 5244 5129,PRICELINE PHY,A Grade,4 Weeks,
"3,520",VIC1,3218003,Mitchell & Ohara Amcal Chemist,,154 Shannon Ave,GEELONG WEST,3218,VIC,Top 500,03 5221 2534,AMCAL CHEMIST,A Grade,4 Weeks,
"5,800",VIC1,3218007,Packington Phy ,Sh 5 Pakington Strand,95-103 Pakington St,GEELONG WEST,3218,VIC,Top 500,03 5229 1058,HEALTH SAVE,A Grade,4 Weeks,BRAUER GOLD 14%
"3,954",VIC1,3220020,Soul Pattinson Chemist - Geelong,,148 Myers St,GEELONG,3220,VIC,Top 500,03 5229 3539,SOUL PATTINSON,A Grade,4 Weeks,BRAUER GOLD 14%
"5,351",VIC1,3224003,Direct Chemist Outlet - Leopold,Sh 1 Gateway Plaza,641-659 Bellarine Hwy,LEOPOLD,3224,VIC,Top 500,03 5250 3222,DIRECT CHEMIST OUTLET,A Grade,4 Weeks,
"4,956",VIC1,3226004,Direct Chemist Outlet - Ocean Grove,Sh 1 Ocean Grove S/C,Cnr Shell Rd & Kingston Down Dr,OCEAN GROVE,3226,VIC,Top 500,03 5256 2322,DIRECT CHEMIST OUTLET,A C Grade,12 Weeks ,
"3,968",VIC1,3228003,Torquay Phy - Gilbert st,,18 Gilbert St,TORQUAY,3228,VIC,Top 500,03 5261 2270,Independent,A C Grade,12 Weeks ,
"3,843",VIC1,3250001,Pharmasave Phy - Colac,Sh 1-7 Safeway Shopping Complex ,52 Bromfield St,COLAC,3250,VIC,Top 500,03 5231 4022,PHARMASAVE,A Grade,4 Weeks,
"5,029",VIC1,3280010,Direct Chemist Outlet - Warrnambool,Sh 1 Centro S/C,72 Mortlake Rd,WARRNAMBOOL,3280,VIC,Top 500,03 5561 3755,DIRECT CHEMIST OUTLET,A C Grade,12 Weeks ,
"3,714",VIC1,3280013,Direct Chemist Outlet - Target Warrnambool,Shop T11,154 Koroit St,WARRNAMBOOL,3280,VIC,Top 500,03 5561 6558,DIRECT CHEMIST OUTLET,A C Grade,12 Weeks ,
"3,927",VIC1,3337002,Steve Gowty Chemmart Phy,Sh R11 Woodgrove S/C,535 High St,MELTON,3337,VIC,Top 500,03 9743 6633,CHEMMART MASTER,A Grade,4 Weeks,BRAUER GOLD 14%
"3,662",VIC1,3337004,Ron Davis Amcal Chemist,,308-312 High St,MELTON,3337,VIC,Top 500,03 9743 5555,AMCAL CHEMIST,A Grade,4 Weeks,
"5,756",VIC1,3350023,Eureka Medical Cnt Phy,,14 Albert St,BALLARAT,3350,VIC,Top 500,03 5331 1199,Independent,A C Grade,12 Weeks ,
"4,948",VIC1,3350600,UFS Dispensary Warehouse,204-206 Armstrong Street,,BALLARAT,3350,VIC,Top 500,03 5331 9182 ,United Friendly Societies,A Grade,4 Weeks,
"4,948",VIC1,3350600,UFS Dispensary  Head Office -  Ballarat,,206 Armstrong St North,BALLARAT,3350,VIC,Top 500,03 5327 7777,UFS DISPENSARY ,A C Grade,12 Weeks ,
"3,621",VIC1,3400005,Horsham Amcal Chemist,,98 Firebrace St,HORSHAM,3400,VIC,Top 500,03 5382 1019,AMCAL CHEMIST,A C Grade,12 Weeks ,
"4,005",VIC1,3429006,Terry White Chemist - Sunbury,,83-85 Evans St,SUNBURY,3429,VIC,Top 500,03 9744 2801,TERRY WHITE CHEMIST,A Grade,4 Weeks,
"3,691",VIC1,3450004,Thomas & Chong Chemmart Phy,,2 Frederick St,CASTLEMAINE,3450,VIC,Top 500,03 5472 1872,CHEMMART MASTER,A Grade,4 Weeks,
"5,290",VIC1,3658001,PharmaSave Broadford Phy,,77 High St,BROADFORD,3658,VIC,Top 500,03 5784 1545,PHARMASAVE,A C Grade,12 Weeks ,
"5,858",VIC1,3754001,Chemist Discount Centre  - Laurimar,,126 Painted Hills Rd,DOREEN,3754,VIC,Top 500,03 9717 1322,CHEMIST DISCOUNT CENTRE ,A Grade,4 Weeks,
"4,709",VIC1,7000027,Good Price Phy WH - Hobart,"Shop 9, 42-44",Argyle Street,HOBART,7000,VIC,Top 500,03 6234 4878,GOOD PRICE PHY,A C Grade,12 Weeks ,
"5,963",VIC1,7050009,Chemist Outlet - Kingston,3/14 Channel Hwy,,Kingston,7050,VIC,Top 500,03 6229 9411,CHEMIST OUTLET,A Grade,4 Weeks,BRAUER GOLD 14%
"5,622",VIC1,7170001,Good Price Phy - Cambridge,Sh A3,66 Kennedy Drive,CAMBRIDGE,7170,VIC,Top 500,03 6248 5877,GOOD PRICE PHY,A C Grade,12 Weeks ,
"4,765",VIC1,7310002,Terry White Chemist - Four Ways  Devonport,155 William St,,DEVONPORT,7310,VIC,Top 500,03 6424 4233,TERRY WHITE CHEMIST,A C Grade,12 Weeks ,
"5,910",VIC1,7320011,Good Price Phy - Burnie,,32 Cattley St,BURNIE,7320,VIC,Top 500,03 6431 1077,GOOD PRICE PHY,A C Grade,12 Weeks ,
"4,621",VIC1,,Fountain Health & Bulk,Sh 11 Killians Walk,,BENDIGO,3550,VIC,Top 500,03 5443 8035,Independent,A Grade,4 Weeks,
"4,828",VIC1,,Natures Works - Rosny,Sh G9  Eastland S/C,,ROSNY,7018,VIC,Top 500,03 6244 3943,NATURES WORKS,A C Grade,12 Weeks ,
"5,745",VIC1,,Des Lardners Organic,,5 Firebrace St,HORSHAM,3400,VIC,Top 500,03 5382 7766,Independent,A C Grade,12 Weeks ,
"5,669",VIC2,2641005,Mates Discount Phy,Sh 6,347 Wagga Rd,LAVINGTON,2641,VIC,Top 500,02 6025 4374,Independent,A C Grade,12 Weeks ,
"4,235",VIC2,3079008,Mount Phy,,135A Upper Heidelberg Rd,IVANHOE,3079,VIC,Top 500,03 9497 4391,Independent,A Grade,4 Weeks,
"3,568",VIC2,3089001,Diamond Creek Phy ,Shop 3 Diamond Creek S/P,67 Main Hurstbridge Road,DIAMOND CREEK,3089,VIC,Top 500,03 9438 3280,AMCAL CHEMIST,A Grade,4 Weeks,BRAUER GOLD 14%
"3,693",VIC2,3089002,Priceline Phy - Diamond Creek,,66 Hurstbridge Rd,DIAMOND CREEK,3095,VIC,Top 500,03 9438 6177,PRICELINE PHY,A Grade,4 Weeks,
"4,424",VIC2,3101013,Star Pharmacy Kew,,157 High St,KEW,3101,VIC,Top 500,03 9853 7166,Independent,A Grade,4 Weeks,BRAUER GOLD 14%
"3,992",VIC2,3116002,Terry White Chemist - Chirnside,Sh 628-635 Chirnside S/C,Maroondah Hwy,CHIRNSIDE PARK ,3116,VIC,Top 500,03 9727 1555,TERRY WHITE CHEMIST,A Grade,4 Weeks,
"3,931",VIC2,3128005,Better Value - Box Hill,Sh 68 Box Hill Central S/C,Main St,BOX HILL,3128,VIC,Top 500,03 9890 6253,PHARMORE,A Grade,4 Weeks,BRAUER GOLD 14%
"3,577",VIC2,3131001,Priceline Phy - Forest Hill ,Sh 127 Forrest Hill S/C,Canterbury Rd,FOREST HILL,3131,VIC,Top 500,03 9878 3981,PRICELINE OP IN,A Grade,4 Weeks,
"3,936",VIC2,3134004,Priceline Phy -  Eastland ,Sh L107 Eastlands S/C,Maroondah Hwy,RINGWOOD,3134,VIC,Top 500,03 9870 5966,PRICELINE PHY,A Grade,4 Weeks,
"4,205",VIC2,3136009,Croydon Market Guardian Phy,Sh 20 Croydon Market,Kent Ave,CROYDON,3136,VIC,Top 500,03 9725 8895,GUARDIAN PHY,A Grade,4 Weeks,
"5,768",VIC2,3136019,Direct Chemist Outlet - Croydon,,88-92  Main St,CROYDON,3136,VIC,Top 500,03 9723 7711,DIRECT CHEMIST OUTLET,A Grade,4 Weeks,
"3,934",VIC2,3137001,Caremore Kilsyth Phy,Sh 19 20 Kilsyth S/C,520 Mt Dandenong Rd,KILSYTH,3137,VIC,Top 500,03 9725 9784,PHARMASAVE,A Grade,4 Weeks,BRAUER GOLD 14%
"3,591",VIC2,3138002,Priceline Phy  - Mooroolbark,,28 Brice Ave,MOOROOLBARK,3138,VIC,Top 500,03 9726 7611,PRICELINE PHY,A Grade,4 Weeks,
"3,950",VIC2,3140001,Priceline Phy - Lilydale,Sh 1 Olive Tree S/C,118 Main St,LILYDALE,3140,VIC,Top 500,03 9735 1000,PRICELINE OP IN,A Grade,4 Weeks,
"4,007",VIC2,3142006,Toorak Village Pharmacy,Sh 3,457 Toorak Rd,TOORAK,3142,VIC,Top 500,03 9826 1524,Independent,A Grade,4 Weeks,BRAUER GOLD 14%
"5,587",VIC2,3144021,Chemist Warehouse - Malvern,,234 Glenferrie Rd,MALVERN,3144,VIC,Top 500,03 9509 4634,CHEM W/HOUSE,A Grade,4 Weeks,
"3,864",VIC2,3145008,Chemist Warehouse - Chadstone,Sh 202 Chadstone S/C,1341 Dandenong Rd,CHADSTONE,3148,VIC,Top 500,03 9569 9044,CHEM W/HOUSE,A Grade,4 Weeks,
"4,532",VIC2,3152012,Terry White Knox ,Sh 1106A Knox City S/C,Cnr Burwood & Stud Rd,WANTIRNA SOUTH,3152,VIC,Top 500,03 9887 5177,TERRY WHITE CHEMIST,A Grade,4 Weeks,
"6,112",VIC2,3153006,Direct Chemist Outlet - Bayswater,Sh 13 Mountain High S/C,7-13 high St,BAYSWATER,3153,VIC,Top 500,03 9729 5110,DIRECT CHEMIST OUTLET,A Grade,4 Weeks,
"3,779",VIC2,3156003,Hawkes Phy,Sh 10/1200,Burwood Hwy,UPPER FERNTREE GULLY,3156,VIC,Top 500,03 9758 1082,Independent,A Grade,4 Weeks,
"3,966",VIC2,3171013,Better Value Phy  - Springvale,,250 Springvale Rd,SPRINGVALE,3171,VIC,Top 500,03 9558 5334,Independent,A Grade,4 Weeks,BRAUER GOLD 14%
"4,160",VIC2,3172004,Denis O'Brien Phy,,575 Springvale Rd,SPRINGVALE SOUTH,3172,VIC,Top 500,03 9546 2972,Independent,A Grade,4 Weeks,
"6,761",VIC2,3180003,Chemist Warehouse Knoxfield,622 Burwood Hwy,,KNOXFIELD,3180,VIC,Top 500,03 9758 4371 ,CHEM W/HOUSE,A Grade,4 Weeks,
"4,477",VIC2,3182010,Acland Court Chemist,,160 Ackland St,ST KILDA,3182,VIC,Top 500,03 9525 5111,Independent,A Grade,4 Weeks,BRAUER GOLD 14%
"3,910",VIC2,3186005,National Pharmacies - Mid Brighton,,2 Church St,BRIGHTON,3186,VIC,Top 500,03 9592 5097,NATIONAL PHARMACIES,A Grade,4 Weeks,
"4,044",VIC2,3192003,Amcal Phy - Cheltenham,"L1, Sh 1145 Southland S/C",,CHELTENHAM,3192,VIC,Top 500,03 9583 3292,AMCAL CHEMIST,A Grade,4 Weeks,
"3,986",VIC2,3192013,Terry White Chemist - Cheltenham,Sh 2075 Westfield S/C,Nepean Hwy,CHELTENHAM,3192,VIC,Top 500,03 9584 9666,TERRY WHITE CHEMIST,A Grade,4 Weeks,
"4,148",VIC2,3194007,Terry White Mentone,Shop 6 Thrift Park S/C,171-187 Nepean Hwy,MENTONE,3194,VIC,Top 501,03 9538 6636 ,TERRY WHITE CHEMIST,A Grade,4 Weeks,
"3,531",VIC2,3195001,Amcal Max - Mordialloc,,467 Main St,MORDIALLOC,3195,VIC,Top 500,03 9580 1019,AMCAL MAX,A Grade,4 Weeks,
"4,481",VIC2,3205008,Amcal Max - South Melbourne,,103 Cecil St,SOUTH MELBOURNE,3205,VIC,Top 500,03 9690 5240,AMCAL MAX,A Grade,4 Weeks,
"4,439",VIC2,3206003,STAR Phy - Middle Park,,17 Armstrong St,MIDDLE PARK,3206,VIC,Top 500,03 9699 9260,PULSE PHY,A Grade,4 Weeks,
"4,456",VIC2,3207005,Pharmasave - Port Bay Street ,,243-247 Bay St,PORT MELBOURNE,3207,VIC,Top 500,03 9646 3597,PHARMASAVE,A Grade,4 Weeks,BRAUER GOLD 14%
"3,957",VIC2,3672002,Jenny Milner Marsha Watson Phy,,55 Bridge St,BENALLA,3672,VIC,Top 500,03 5762 1033,Independent,A C Grade,12 Weeks ,
"3,553",VIC2,3672004,Amcal Max - Benalla,,27-29 Bridge St,BENALLA,3672,VIC,Top 500,03 5762 1644,AMCAL MAX,A C Grade,12 Weeks ,
"3,601",VIC2,3677007,Wangaratta Phy,,35 Murphy St,WANGARATTA,3677,VIC,Top 500,03 5721 5055,AMCAL MAX,A C Grade,12 Weeks ,
"5,322",VIC2,3690008,Good Price Phy - Wodonga,Tenency & Wodonga Homemaker Cnt ,285 Victoria Cross Pde ,WODONGA,3690,VIC,Top 500,02 6056 8522,GOOD PRICE PHY,A C Grade,12 Weeks ,
"3,836",VIC2,3777002,Soul Pattinson - Healesville Walk ,Sh 3 Healesville Walk S/C,Maroondah Hwy,HEALESVILLE,3777,VIC,Top 500,03 5962 4165,GUARDIAN PHY,A Grade,4 Weeks,BRAUER GOLD 14%
"4,215",VIC2,3782001,Emerald Village Phy,,8 Kilvington Dr,EMERALD,3782,VIC,Top 500,03 5968 3023,Independent,A Grade,4 Weeks,
"4,247",VIC2,3793001,Pharmasave Monbulk Phy,,98 Main Rd,MONBULK,3793,VIC,Top 500,03 9756 6273,PHARMASAVE,A Grade,4 Weeks,BRAUER GOLD 14%
"4,307",VIC2,3797002,Soul Pattinson Chemist - Yarra Junction,Sh 11 Yarra Junction Village S/C,Main Rd,YARRA JUNCTION,3797,VIC,Top 500,03 5967 1193,SOUL PATTINSON,A Grade,4 Weeks,
"4,303",VIC2,3799002,Warburton Phy,,3468 Warburton Hwy,WARBURTON,3795,VIC,Top 500,03 5966 2024,,A Grade,4 Weeks,BRAUER GOLD 14%
"3,775",VIC2,,Go Vita - Doncaster ,Shop G200,619 Doncaster Rd ,DONCASTER ,3108,VIC,Top 500,03 9848 1190,GO VITA,A Grade,4 Weeks,
"4,520",VIC2,,Great Earth Super Disc - Doncaster East,Sh 46 Tunstal Sq,,DONCASTER EAST,3109,VIC,Top 500,03 9841 5170,GREAT EARTH,A Grade,4 Weeks,
"4,543",VIC2,,Go Vita - Greensborough,"L1, Sh 121A  Greensborough Plaza",Main St,GREENSBOROUGH,3088,VIC,Top 500,03 9432 8401,GO VITA,A Grade,4 Weeks,
"4,596",VIC2,,The Health Store - Lavington,Shop 2 Northpoint Tower,360-366 Griffith Rd ,LAVINGTON,2641,VIC,Top 500,02 6025 5311,Independent,A C Grade,12 Weeks ,
"4,618",VIC2,,Olive Health Food - Albury,,540 Olive St,ALBURY,2640,VIC,Top 500,02 6021 5626,Independent,A C Grade,12 Weeks ,BRAUER GOLD 14%
"4,627",VIC2,,Chirnside Park Health Food,Sh 501A Chirnside Park S/C,,CHIRNSIDE PARK,3116,VIC,Top 500,03 9726 9880,Independent,A Grade,4 Weeks,
"4,641",VIC2,,Just Healthy - Heathmont,,164 Cantebury Rd,HEATHMONT,3135,VIC,Top 500,03 9729 5028,Independent,A Grade,4 Weeks,
"4,649",VIC2,,Pro Health - Preston,Sh W15 Western Mall,Northland S/C,PRESTON,3072,VIC,Top 500,03 9478 0022,Independent,A Grade,4 Weeks,
"4,656",VIC2,,Olive Health Food - Wangaratta,Sh 1,61 Ovens St,WANGARATTA,3677,VIC,Top 500,03 5722 4945,Independent,A C Grade,12 Weeks ,BRAUER GOLD 14%
"4,662",VIC2,,The Little Hen,,270 Carlisle St,BALACLAVA,3183,VIC,Top 500,03 9534 6588,Independent,A Grade,4 Weeks,
"4,667",VIC2,,Glow Health,,358 Glenhuntly Rd,ELSTERNWICK,3185,VIC,Top 500,03 9523 7824,Independent,A Grade,4 Weeks,BRAUER GOLD 14%
"4,680",VIC2,,Market Moses and Co Wholefoods ,Stall 26 Sth Melbourne Market,116 Cecil St,SOUTH MELBOURNE,3205,VIC,Top 500,03 9690 6093,Independent,A Grade,4 Weeks,BRAUER GOLD 14%
"6,565",VIC2,,Go Vita - Knox City,1063 Knoxc City S/C,,WANTIRNA,3152,VIC,Top 500,03 9801 5696,GO VITA,A Grade,4 Weeks,
"11,038",VIC2,,Wholefoods Merchants - Ferntree Gully,3,794 Burwood Hwy,FERNTREE GULLY,3156,VIC,Top 500,03 9752 2772,GO VITA,A Grade,4 Weeks,
"3,784",VIC3,3173003,Parkmore Central Pharmacy,Shop 9 Parkmore S/C,Cheltenham Rd,KEYSBOROUGH,3173,VIC,Top 500,03 9798 5740,AMCAL CHEMIST,A Grade,4 Weeks,
"3,987",VIC3,3175016,Terry White Chemist - Dandenong,"L3, Sh 70-71 Dandenong Plaza",Cnr Walker & McCrae St,DANDENONG,3175,VIC,Top 500,03 9794 5959,TERRY WHITE CHEMIST,A Grade,4 Weeks,
6726,VIC3,3189601,Alan Feil Supplies,85 Levanswell Road,,MOORABBIN,3189,VIC,Top 500,03 9556 0100 ,NOVA PHARMACIES ,A Grade,12 Weeks ,
"3,731",VIC3,3196005,Soul Pattinson Chemist - Chelsea Central,,425 Nepean Hwy,CHELSEA,3196,VIC,Top 500,03 9772 2344,SOUL PATTINSON,A Grade,4 Weeks,BRAUER GOLD 14%
"3,687",VIC3,3198004,Pharmasave phy - Seafod,,115A Nepean Hwy,SEAFORD,3198,VIC,Top 500,03 9786 1230,CHEMMART MASTER,A Grade,4 Weeks,BRAUER GOLD 14%
"3,988",VIC3,3199028,Soul Pattinson - Karingal,Sh T86 Centro Karingal,330 Cranbourne Rd,KARINGAL,3199,VIC,Top 500,03 9789 1699,SOUL PATTINSON,A Grade,4 Weeks,
"5,655",VIC3,3199029,Frankston Chemmart Phy,,89-97  Young St,FRANKSTON,3199,VIC,Top 500,03 9783 3373,CHEMMART MASTER,A Grade,4 Weeks,
"5,588",VIC3,3201005,Carrum Downs Phy Selct,Sh 1 Carrum Downs Plaza,335 Ballarto Rd,CARRUM DOWNS,3201,VIC,Top 500,03 9786 4600,PHY SELECT,A Grade,4 Weeks,
"3,990",VIC3,3805001,Terry White Chemist - Fountain Gate,"Sh 2020, L2  Fountain Gate S/C",Magid Drive,FOUNTAIN GATE ,3805,VIC,Top 500,03 9704 8558,TERRY WHITE CHEMIST,A Grade,4 Weeks,
"4,958",VIC3,3805009,Chemist Warehouse Narre Warren,Sh 6,420 Princes Hwy,NARRE WARREN,3805,VIC,Top 500,03 9705 2277,CHEM W/HOUSE,A Grade,4 Weeks,
"3,511",VIC3,3806004,Pharmasave Berwick Phy ,,51 High St,BERWICK,3806,VIC,Top 500,03 9707 1555,PHARMASAVE,A Grade,4 Weeks,
"3,728",VIC3,3806006,Chem Disc Ctr Parkhill Plaza,Sh 2 Parkhill Plaza,215-225 Parkhill Dr,BERWICK,3806,VIC,Top 500,03 9705 7999,CHEMIST DISCOUNT CENTRE ,A Grade,4 Weeks,
"5,654",VIC3,3806007,PharmaSave Casey Super Clinic Phy,,50 Kangan Drive ,BERWICK,3806,VIC,Top 500,03 97699824,PHARMASAVE,A Grade,4 Weeks,
"4,036",VIC3,3806008,Pharmasave Eden Rise Phy,Sh 30 Eden Rise S/C,241 Clyde St,BERWICK,3806,VIC,Top 500,03 8794 7920,PHARMASAVE,A Grade,4 Weeks,
"6,546",VIC3,3809001,Chemists Discount Centre Officer,Sh 18 Arena S/C,Crn Princess Hwy  & Cardinia Rd,OFFICER,3809,VIC,Top 500,03 5940 0767,CHEMIST DISCOUNT CENTRE ,A Grade,4 Weeks,
"6,098",VIC3,3810008,United Discount Chemist Pakenham,Shop 1 Marketplace,43 - 45  Henry Street,PAKENHAM,3810,VIC,Top 500,03 5940 4295,Independent,A Grade,4 Weeks,
"6,488",VIC3,3810009,Discount Drug Store Pakenham,Sh 3 Pakenham Village Square S/C ,9 Village Way,PAKENHAM,3810,VIC,Top 500,03 5909 6399,DISCOUNT DRUG STORE,A Grade,4 Weeks,
"3,545",VIC3,3820008,Chemist Discount Centre Warragul,38-38A Palmerston Street,,WARRAGUL,3820,VIC,Top 500,03 5623 1615,CHEMIST DISCOUNT CENTRE ,A Grade,4 Weeks,
"4,164",VIC3,3844009,Priceline Phy - Traralgon Stockland,Sh F2 Traralgo Centre,Crn Argyle & Franklin St,TRARALGON,3844,VIC,Top 500,03 5174 5333,PRICELINE PHY,A C Grade,12 Weeks ,
"5,443",VIC3,3850002,Priceline Phy - Sale,Sh 2 Gippsland S/C,Cunningham St,SALE,3850,VIC,Top 500,03 5144 3494,PRICELINE OP IN,A C Grade,12 Weeks ,
"4,103",VIC3,3910002,Nova Phy - Langwarrin,Sh T12 Gateway Vige S/C,230 Cranbourne Rd,LANGWARRIN,3910,VIC,Top 500,03 9775 8888,NOVA PHARMACIES ,A Grade,4 Weeks,
"4,155",VIC3,3912004,Direct Chemist Outlet - Summerville Plaza,Sh 23 Sommerville Plaza S/C,17 Eramosa Rd West,SOMERVILLE,3912,VIC,Top 500,03 5977 8177,DIRECT CHEMIST OUTLET,A Grade,4 Weeks,
"5,780",VIC3,3912005,Direct Chemist Outlet - Somerville Centro,Shop MM2 Sommerville S/C,49 Eramosa Rd,SOMERVILLE WEST,3912,VIC,Top 500,03 5977 5253,DIRECT CHEMIST OUTLET,A Grade,4 Weeks,
"4,022",VIC3,3926001,Balnarring Village Phy,Sh 4 Village S/C,,BALNARRING,3926,VIC,Top 500,03 5983 1447,Independent,A Grade,4 Weeks,
"4,979",VIC3,3931007,Priceline Phy - Mornington Central,Sh C14 Mornington Centro,Cnr Barkly & Donald St,MORNINGTON,3931,VIC,Top 500,03 5975 4244,PRICELINE OP IN,A Grade,4 Weeks,
"3,946",VIC3,3931008,Chemist Discount Centre - East Mornington,Sh 4  Benton Sq S/C,Dunns Rd,MORNINGTON ,3931,VIC,Top 500,03 5973 5766,CHEMIST DISCOUNT CENTRE ,A Grade,4 Weeks,
"4,117",VIC3,3931009,Mornington Pharmacy,Sh 3 Mornington Village S/C,241 Main St,MORNINGTON,3931,VIC,Top 500,03 5975 4344,PHARMASAVE,A Grade,4 Weeks,
"4,124",VIC3,3934001,Terry Bateman Phy,Mt Martha Village,,MT MARTHA,3934,VIC,Top 500,03 5974 1439,Independent,A Grade,4 Weeks,
"3,753",VIC3,3939008,Terry White Rosebud,,3 Boneo Rd,ROSEBUD,3939,VIC,Top 500,03 5986 8288,TERRY WHITE CHEMIST,A Grade,4 Weeks,BRAUER GOLD 14%
"4,149",VIC3,3939010,Direct Chemist Outlet - Rosebud ,,999 Point Nepean Hwy,ROSEBUD,3939,VIC,Top 500,03 5986 8331,DIRECT CHEMIST OUTLET,A Grade,4 Weeks,
"6,459",VIC3,3975002,Pharmacy Select Marriott Waters ,Sh A2 Marriott Waters S/C ,945 Thompsons Road ,LYNDHURST ,3975,VIC,Top 500,03 8738 9195,PHY SELECT,A Grade,4 Weeks,
"6,971",VIC3,3977013,Blooms The Chemist Cranbourne ,Sh 114 Cranbourne Park S/C,High St,CRANBOURNE,3977,VIC,Top 500,03 5996 2254,BLOOMS THE CHEMIST,A Grade,4 Weeks,
"4,555",VIC3,,Go Vita - Berwick,Shop 10,1 Blackburne Sq,BERWICK,3806,VIC,Top 500,03 9707 1148,GO VITA,A Grade,4 Weeks,
"4,592",VIC3,,Karingal Health Shop,Sh 62 Karingal Hub S/C,,KARINGAL,3199,VIC,Top 500,03 9789 9233,Independent,A Grade,4 Weeks,
546,WA1,6000035,Friendlies Chemist - Perth,,849 Hay St,PERTH,6000,WA,Top 500,08 9321 5391,FRIENDLIES CHEMIST,A Grade,4 Weeks,
540,WA1,6007004,Friendlies Chemist - Leederville,,148 Oxford St,LEEDERVILLE,6007,WA,Top 500,08 9444 8219,FRIENDLIES CHEMIST,A Grade,4 Weeks,
548,WA1,6008014,Friendlies Chemist - Subiaco,136 Rokeby Rd,,SUBIACO,6008,WA,Top 500,08 9381 1468,FRIENDLIES CHEMIST,A Grade,4 Weeks,
572,WA1,6018009,Priceline Phy - Karrinyup ,Sh G45 Karrinyup S/C,200 Karrinyup rd,KARRINYUP,6018,WA,Top 500,08 9446 1161,PRICELINE OP IN,A Grade,4 Weeks,
471,WA1,6023003,Optimal Phy Plus - Carine Glades,Sh 5,485  Beach Rd,DUNCRAIG,6023,WA,Top 500,08 9447 4068,OPTIMAL PLUS,A Grade,4 Weeks,
591,WA1,6024005,Warwick Disc Drug Store,Shop 33-34 Warwick Grove S/C,Cnr Beach Rd & Erindale Rd,WARWICK,6024,WA,Top 500,08 9447 7777 ,DISCOUNT DRUG STORE,A Grade,4 Weeks,
614,WA1,6025009,Phy 777 - Whitfords,Sh 103 Whitford City S/C,Whitfords Ave,HILLARYS,6025,WA,Top 500,08 9401 6669,PHY 777,A Grade,4 Weeks,BRAUER GOLD 14%
498,WA1,6026003,Woodvale Boulevard Chemist,Woodvale S/Centre,Cnr Whitfords Ave & Trappers Dr,WOODVALE,6026,WA,Top 500,08 9309 5113,Independent,A Grade,4 Weeks,
823,WA1,6030002,Mindarie Keys Phy,,6 Rothesay Heights,MINDARIE,6030,WA,Top 500,08 9407 7166,Independent,A Grade,4 Weeks,BRAUER GOLD 14%
"5,772",WA1,6031001,Priceline Phy - Carramar,Sh 12-13 Carramar Village S/C,Cnr Joondalup & Cheriton Dr,CARRAMAR,6031,WA,Top 500,08 9404 5335,PRICELINE OP IN,A Grade,4 Weeks,
617,WA1,6051002,Phy 777 - Maylands,Unit 3,238 Guildford Rd,MAYLANDS,6051,WA,Top 500,08 9271 5659,PHY 777,A Grade,4 Weeks,BRAUER GOLD 14%
480,WA1,6052001,Morwest -Inglewood,Shop 1&2 Inglewood S/C,83-91 Salisbury St,INGLEWOOD,6052,WA,Top 500,08 9272 1941,AMCAL CHEMIST,A Grade,4 Weeks,
513,WA1,6054007,Bassendean Village Chemmart Phy,Sh 8 Bassendean Vlg S/C,1 West Rd,BASSENDEAN,6054,WA,Top 500,08 9279 1232,CHEMMART MASTER,A Grade,4 Weeks,
821,WA1,6056007,Midland Gate Phy,Sh 103-104 Midland Gate S/C,,MIDLAND,6056,WA,Top 500,08 9274 2344,Independent,A Grade,4 Weeks,BRAUER SILVER 10%
896,WA1,6056016,Morrison Rd Compounding Phy,Sh 9,309 Morrison Rd,SWAN VIEW,6056,WA,Top 500,08 9255 2660,Independent,A Grade,4 Weeks,BRAUER GOLD 14%
507,WA1,6056020,Greg's Discount Chemist - Midland,Sh 10,240 Great Eastern Hwy,MIDLAND,6056,WA,Top 500,08 9274 1460,Independent,A Grade,4 Weeks,BRAUER GOLD 14%
661,WA1,6061008,Greg's Discount Chemist - Mirrabooka,Sh 3 Mirrabooka Sq S/C,Yirrigan Dr,MIRRABOOKA,6061,WA,Top 500,08 9349 1961,GREGS DISCOUNT B,A Grade,4 Weeks,
526,WA1,6062019,Noranda Chemmart Phy,Sh 2 Noranda Medical Cnt,46 Benara Rd,NORANDA,6062,WA,Top 500,08 9375 1251,CHEMMART MASTER,A Grade,4 Weeks,
568,WA1,6064009,Health First Goldfield Phy,Sh 18,70 Marangaroo Dr,GIRRAWHEEN,6064,WA,Top 500,08 9342 3073,HEALTH 1ST,A Grade,4 Weeks,
549,WA1,6065004,Wanneroo Community Pharmacy,,9 Conlan Ave,WANNEROO,6065,WA,Top 500,08 9306 8868,Independent,A Grade,4 Weeks,BRAUER BRONZE 7%
"5,189",WA1,6069003,Zest Pharmacy- Ellenbrook ,Sh T11,Main St,ELLENBROOK,6069,WA,Top 500,08 9296 8133,OPTIMAL PLUS,A Grade,4 Weeks,
"6,179",WA1,6069004,Optimal Phy Plus - Ellenbrook,Sh 59,The shops at Ellenbrook Pinaster Parade ,ELLENBROOK,6069,WA,Top 500,08 6296 5213,OPTIMAL PLUS,A Grade,4 Weeks,
489,WA1,6073002,Mundaring Amcal Chemist,,5 Nichol St,MUNDARING,6073,WA,Top 500,08 9295 1063,AMCAL CHEMIST,A Grade,4 Weeks,BRAUER GOLD 14%
794,WA1,6076011,Nightingales Phy - Kalamunda,SH 2 GLADES S/CNTR,123 Canning Rd,KALAMUNDA,6076,WA,Top 500,08 9293 2621,Independent,A Grade,4 Weeks,BRAUER GOLD 14%
625,WA1,6101003,Soul Pattinson Chemist - East Victoria Park,,779 Albany Hwy,EAST VICTORIA PARK,6101,WA,Top 500,08 9361 1072,SOUL PATTINSON,A Grade,4 Weeks,
535,WA1,6107003,Cannington Centre Pharmacy,Shop 1099 Westfield Carousel,1382 Albany Hwy,CANNINGTON,6107,WA,Top 500,08 9458 1082,Independent,A Grade,4 Weeks,BRAUER GOLD 14%
576,WA1,6109003,Maddington Village Pharmacy,Sh 3 Maddington Village S/C,Westfield St,MADDINGTON,6109,WA,Top 500,08 9459  6179,Independent,A Grade,4 Weeks,BRAUER GOLD 14%
522,WA1,6109005,Maddington Chemmart Phy,Sh 4 Centro Maddington S/C,Attfield St,MADDINGTON,6109,WA,Top 500,08 9459 5991,CHEMMART MASTER,A Grade,4 Weeks,
520,WA1,6110004,Chemmart Phy Super Store - Gosnells,Sh 23D,2158 Albany Hwy,GOSNELLS,6110,WA,Top 500,08 9398 6666,CHEMMART MASTER,A Grade,4 Weeks,
"5,027",WA1,6110009,Greg's Discount Chemist - Southern River,Sh 14-15 Southern River S/C,Cnr Ranford Rd & Boardwalk Blvd,SOUTHERN RIVER,6110,WA,Top 500,08 9398 1855,GREGS DISCOUNT A,A Grade,4 Weeks,PPS
"5,580",WA1,6112008,Optimal Pharmacy Plus - Armadale Central,Sh 28 Armadale Central S/C,193 Jull St,ARMADALE,6112,WA,Top 500,08 9393 1200,OPTIMAL PLUS,A Grade,4 Weeks,
715,WA1,6149002,Chemmart Pharmacy Superstore Bullcreek,Sh 7 Bullcreek S/C,Benningfield Rd,BULLCREEK,6149,WA,Top 500,08 9332 3777,CHEMMART MASTER,A Grade,4 Weeks,
607,WA1,6153004,Phy 777 - Applecross,,777 Canning Hwy,APPLECROSS,6153,WA,Top 500,08 9364 8777,PHY 777,A Grade,4 Weeks,BRAUER GOLD 14%
559,WA1,6155008,D&N Guardian Phy - Canning Vale ,,Cnr Ranford & Campbell Rd,CANNING VALE,6155,WA,Top 500,08 9455 6061,GUARDIAN PHY,A Grade,4 Weeks,
723,WA1,6155010,Soul Pattinson Chemist - Livingston,Sh 17 Livingston Market Place,Ranford Rd,CANNING VALE,6155,WA,Top 500,08 9456 5000,SOUL PATTINSON,A Grade,4 Weeks,
601,WA1,6157007,Gerald Burns Healthsense Phy,,392 Canning Hwy,MELVILLE,6157,WA,Top 500,08 9339 3696,Independent,A Grade,4 Weeks,
"5,943",WA1,6157009,Palmyra Chemmart Phy,267 Canning Highway ,,PALMYRA,6157,WA,Top 500,08 9339 5522,CHEMMART MASTER,A Grade,12 Weeks ,
"5,506",WA1,6160014,Chemist Warehouse - Fremantle,,56 Adelaide St,FREMANTLE,6160,WA,Top 500,08 9335 2404,CHEM W/HOUSE,A Grade,4 Weeks,
588,WA1,6162002,Banovich Chemist,,195 Hampton Rd,SOUTH FREMANTLE,6162,WA,Top 500,08 9335 4884,Independent,A Grade,4 Weeks,BRAUER SILVER 10%
669,WA1,6164008,Gateways D&N Pharmacy,Sh 33 Gateways S/C,Wentworth Rd,SUCCESS,6164,WA,Top 500,08 9498 5977,AMCAL MAX,A Grade,4 Weeks,
"6,198",WA1,6164012,Hammond Park  Guardian Phy,Sh 1 Macquire Blv ,,HAMMOND PARK ,6164,WA,Top 500,08 9499 4074,GUARDIAN PHY,A Grade,4 Weeks,
"6,456",WA1,6164014,Good Price Phy WH - Jandakot ,626 Karel Ave,,JANDAKOT,6164,WA,Top 500,08 9417 4499,GOOD PRICE PHY,A Grade,4 Weeks,
630,WA1,6167001,Marketplace Pharmacy Kwinana,Sh 58 Kwinna Hub S/C,Gilmore Ave,KWINANA,6167,WA,Top 500,08 9419 1445,Independent,A Grade,4 Weeks,BRAUER GOLD 14%
677,WA1,6168004,Terry White Chemist - Rockingham,ShT 131 Rockingham City S/C,1 Council Ave,ROCKINGHAM,6168,WA,Top 500,08 9527 3202,TERRY WHITE CHEMIST,A Grade,4 Weeks,
"5,944",WA1,6168006,Chemmart Phy Superstore - Rockingham,Sh 90 Rockingham City S/C,Red St,ROCKINGHAM,6168,WA,Top 500,08 9527 5225 ,CHEMMART MASTER,A Grade,4 Weeks,PPS
908,WA1,6169006,Warnbro Phy,Sh 28 Warnbro Fair S/C,Warnbro Sound Ave,WARNBRO,6169,WA,Top 500,08 9593 6166,Independent,A Grade,4 Weeks,
"5,418",WA1,6171001,Priceline Phy - Baldivis,Sh 17 Stockland Baldivis,Lot 1 Safety Bay Rd,BALDIVIS,6171,WA,Top 500,08 9524 3803,PRICELINE PHY,A Grade,4 Weeks,
872,WA1,6173002,Secret Harbour Phy,Sh 12 Secret Harbour S/C,,SECRET HARBOUR,6173,WA,Top 500,08 9524 8321,Independent,A Grade,4 Weeks,
"6,088",WA1,6210014,Discount Drug Store -Mandurah,38-42 Minilya Parkway,,MANDURAH,6210,WA,Top 500,08 9535 1422,DISCOUNT DRUG STORE,A Grade,4 Weeks,
814,WA1,6210015,Optimal Pharmacy Plus - Meadow Springs,Sh 3 Meadow Springs Blv S/C,25 Meadow Springs Dr,MEADOW SPRINGS,6210,WA,Top 500,08 9581 8944,OPTIMAL PLUS,A Grade,4 Weeks,
752,WA1,6210016,Nightingales Phy - Erskine,Sh 4 Erskine Central S/C,,ERSKINE,6210,WA,Top 500,08 9582 7433,Independent,A Grade,4 Weeks,
504,WA1,6210017,Halls Head Chemmart Phy,Sh 10 Halls Head Central S/C,Guava Way,HALLS HEAD,6210,WA,Top 500,08 9535 1253,CHEMMART MASTER,A Grade,4 Weeks,
"5,131",WA1,6210019,Car Park Chemist Mandurah,,2-3/7 Dower St,MANDURAH,6210,WA,Top 500,08 9534 9000,Independent,A Grade,4 Weeks,
755,WA1,6210020,Friendlies Chemist - Miami,"Sh 3, Miami Plaza",633 Old Coast Rd,FALCON,6210,WA,Top 500,08 9534 2644,FRIENDLIES CHEMIST,A Grade,4 Weeks,
718,WA1,6230003,Bunbury Forum Phy,Sh 22 Bunbury Forum,Sandbridge Rd,BUNBURY,6230,WA,Top 500,08 9721 6731,Independent,A C Grade,12 Weeks ,
717,WA1,6230004,Bunbury Drive In Phy,,Cnr Blair St & Forrest Ave,BUNBURY,6230,WA,Top 500,08 9791 2447,Independent,A C Grade,12 Weeks ,
518,WA1,6232002,Chemmart Pharmacy Superstore - Eaton,Sh 15 Eaton Fair S/C,Eaton Drive,EATON,6232,WA,Top 500,08 9725 2635,CHEMMART MASTER,A C Grade,12 Weeks ,
512,WA1,6233001,Australind Chemmart Phy,Sh 12-14 Australind S/C,Old CoastbRd,AUSTRALIND,6233,WA,Top 500,08 9797 1303,CHEMMART MASTER,A C Grade,12 Weeks ,
515,WA1,6280008,Busselton Central Chemmart Phy,Sh 5 Busselton Central S/C,Prince St,BUSSELTON,6280,WA,Top 500,08 9752 1276,CHEMMART MASTER,A C Grade,12 Weeks ,
746,WA1,6281002,Dunsborough Phy,Sh 16-17 Centre Point S/C,55 Dunn Bay Rd,DUNSBOROUGH,6281,WA,Top 500,08 9755 3272,Independent,A C Grade,12 Weeks ,
524,WA1,6285001,Priceline Phy - Margaret River ,,146 Bussell Hwy,MARGARET RIVER,6285,WA,Top 500,08 9757 2224,PRICELINE PHY,A C Grade,12 Weeks ,
"5,190",WA1,6285002,Phy 777 - Margaret River,Shop1/101 Bussell Hwy,,MARGARET RIVER,6285,WA,Top 500,08 9757 3688,PHY 777,A C Grade,12 Weeks ,
463,WA1,6330004,Albany Amcal Max Chemist,,262-264 York St,ALBANY,6330,WA,Top 500,08 9842 2036,AMCAL MAX,A C Grade,26 Weeks,
926,WA1,,Health Kick  - Whitfords,Sh 234 Whitford City S/C,Whitfords Ave,HILLARYS,6025,WA,Top 500,08 9307 6677,HEALTH KICK,A Grade,4 Weeks,BRAUER GOLD 14%
933,WA1,,Go Vita - Willetton,Southlands S/C,,WILLETON,6155,WA,Top 500,08 9332 3920,GO VITA,A Grade,4 Weeks,
945,WA1,,My Health Food Store- Booragoon,Sh 324 Garden City S/C,,BOORAGOON,6154,WA,Top 500,08 9364 7613,HEALTHY LIFE,A Grade,4 Weeks,
961,WA1,,Stay Healthy - Belmont,Sh 70 Belmont Forum,,BELMONT,6104,WA,Top 500,08 9277 3839,STAY HEALTHY,A Grade,4 Weeks,
993,WA1,,Optimum Health Food,Sh 80 The Galleria,,MORLEY,6062,WA,Top 500,08 9375 1155,Independent,A Grade,4 Weeks,
"5,685",WA1,,Health Kick - Joondalup T44,Lakeside S/C,Shop T44 Joondalup Dr,JOONDALUP,6027,WA,Top 500,08 9301 5303,HEALTH KICK,A Grade,4 Weeks,BRAUER GOLD 14%